benchmark,result
test/demo/demo/demo.-O0.smt2,unsat
test/demo/demo/demo.-O2.smt2,unsat
test/demo/03/03.-O0.smt2,sat
test/demo/03/03.-O2.smt2,unknown
test/demo/04/04.-O0.smt2,unknown
test/demo/04/04.-O2.smt2,sat
test/demo/32/32.-O2.smt2,unknown
test/demo/32/32.-O0.smt2,unsat
test/demo/yz_plus_minus/yz_plus_minus.-O2.smt2,sat
test/demo/yz_plus_minus/yz_plus_minus.-O0.smt2,sat
test/demo/35/35.-O2.smt2,sat
test/demo/35/35.-O0.smt2,unknown
test/demo/34/34.-O2.smt2,unsat
test/demo/34/34.-O0.smt2,unsat
test/demo/33/33.-O2.smt2,unknown
test/demo/33/33.-O0.smt2,unknown
test/demo/multiple_inv/multiple_inv.-O2.smt2,unsat
test/demo/multiple_inv/multiple_inv.-O0.smt2,unsat
test/demo/02/02.-O0.smt2,unsat
test/demo/02/02.-O2.smt2,unsat
test/demo/relation/relation.-O2.smt2,unsat
test/demo/relation/relation.-O0.smt2,sat
test/demo/g1/g1.-O2.smt2,sat
test/demo/g1/g1.-O0.smt2,unknown
test/demo/count_by_2/count_by_2.-O0.smt2,sat
test/demo/count_by_2/count_by_2.-O2.smt2,unknown
test/demo/s_mutants_05/s_mutants_05.-O2.smt2,unsat
test/demo/s_mutants_05/s_mutants_05.-O0.smt2,unsat
test/demo/valigator1/valigator1.-O0.smt2,sat
test/demo/valigator1/valigator1.-O2.smt2,sat
test/demo/valigator6/valigator6.-O0.smt2,sat
test/demo/valigator6/valigator6.-O2.smt2,unknown
test/demo/vpr/vpr.-O0.smt2,unsat
test/demo/vpr/vpr.-O2.smt2,unsat
test/demo/ex9/ex9.-O2.smt2,sat
test/demo/ex9/ex9.-O0.smt2,sat
test/demo/example/example.-O2.smt2,sat
test/demo/example/example.-O0.smt2,sat
test/demo/s_mutants_16/s_mutants_16.-O0.smt2,sat
test/demo/s_mutants_16/s_mutants_16.-O2.smt2,unknown
test/demo/speedmeter/speedmeter.-O2.smt2,sat
test/demo/speedmeter/speedmeter.-O0.smt2,unknown
test/demo/ex6/ex6.-O0.smt2,unknown
test/demo/ex6/ex6.-O2.smt2,sat
test/demo/ex1/ex1.-O0.smt2,sat
test/demo/ex1/ex1.-O2.smt2,sat
test/demo/ssft1/ssft1.-O2.smt2,unknown
test/demo/ssft1/ssft1.-O0.smt2,sat
test/demo/yz_plus_minus2/yz_plus_minus2.-O2.smt2,sat
test/demo/yz_plus_minus2/yz_plus_minus2.-O0.smt2,sat
test/demo/ex8/ex8.-O2.smt2,unsat
test/demo/ex8/ex8.-O0.smt2,sat
test/demo/menlopark/menlopark.-O0.smt2,unsat
test/demo/menlopark/menlopark.-O2.smt2,unsat
test/demo/uautomizer5/uautomizer5.-O2.smt2,unsat
test/demo/uautomizer5/uautomizer5.-O0.smt2,sat
test/demo/18/18.-O0.smt2,sat
test/demo/18/18.-O2.smt2,sat
test/demo/27/27.-O0.smt2,unknown
test/demo/27/27.-O2.smt2,sat
test/demo/11/11.-O2.smt2,sat
test/demo/11/11.-O0.smt2,unknown
test/demo/16/16.-O2.smt2,unsat
test/demo/16/16.-O0.smt2,unknown
test/demo/42/42.-O2.smt2,unknown
test/demo/42/42.-O0.smt2,unknown
test/demo/45/45.-O2.smt2,unsat
test/demo/45/45.-O0.smt2,unknown
test/demo/GCD/GCD.-O2.smt2,unknown
test/demo/GCD/GCD.-O0.smt2,unknown
test/demo/28/28.-O2.smt2,unknown
test/demo/28/28.-O0.smt2,sat
test/demo/17/17.-O2.smt2,sat
test/demo/17/17.-O0.smt2,sat
test/demo/10/10.-O2.smt2,sat
test/demo/10/10.-O0.smt2,unknown
test/demo/19/19.-O0.smt2,sat
test/demo/19/19.-O2.smt2,unknown
test/demo/26/26.-O0.smt2,unknown
test/demo/26/26.-O2.smt2,unknown
test/demo/21/21.-O0.smt2,unknown
test/demo/21/21.-O2.smt2,unknown
test/demo/conj/conj.-O2.smt2,sat
test/demo/conj/conj.-O0.smt2,sat
test/demo/spec2000/spec2000.-O2.smt2,unknown
test/demo/spec2000/spec2000.-O0.smt2,sat
test/demo/44/44.-O2.smt2,unknown
test/demo/44/44.-O0.smt2,unknown
test/demo/43/43.-O2.smt2,unsat
test/demo/43/43.-O0.smt2,unknown
test/demo/38/38.-O2.smt2,unsat
test/demo/38/38.-O0.smt2,unsat
test/demo/36/36.-O0.smt2,unknown
test/demo/36/36.-O2.smt2,unsat
test/demo/09/09.-O0.smt2,sat
test/demo/09/09.-O2.smt2,unsat
test/demo/31/31.-O0.smt2,sat
test/demo/31/31.-O2.smt2,unsat
test/demo/three_dots_moving/three_dots_moving.-O0.smt2,unsat
test/demo/three_dots_moving/three_dots_moving.-O2.smt2,unsat
test/demo/forward-backward/forward-backward.-O2.smt2,unsat
test/demo/forward-backward/forward-backward.-O0.smt2,unsat
test/demo/sqrt/sqrt.-O0.smt2,sat
test/demo/sqrt/sqrt.-O2.smt2,unknown
test/demo/ex11/ex11.-O0.smt2,unsat
test/demo/ex11/ex11.-O2.smt2,unsat
test/demo/30/30.-O0.smt2,sat
test/demo/30/30.-O2.smt2,unknown
test/demo/37/37.-O0.smt2,unknown
test/demo/37/37.-O2.smt2,unsat
test/demo/01/01.-O2.smt2,unsat
test/demo/01/01.-O0.smt2,unsat
test/demo/06/06.-O2.smt2,unknown
test/demo/06/06.-O0.smt2,unknown
test/demo/39/39.-O2.smt2,unknown
test/demo/39/39.-O0.smt2,unknown
test/demo/ex10/ex10.-O0.smt2,unsat
test/demo/ex10/ex10.-O2.smt2,unsat
test/demo/valigator3/valigator3.-O2.smt2,unsat
test/demo/valigator3/valigator3.-O0.smt2,unknown
test/demo/g2/g2.-O0.smt2,unknown
test/demo/g2/g2.-O2.smt2,unknown
test/demo/bouncy2/bouncy2.-O2.smt2,unknown
test/demo/bouncy2/bouncy2.-O0.smt2,unknown
test/demo/valigator5/valigator5.-O2.smt2,unknown
test/demo/valigator5/valigator5.-O0.smt2,sat
test/demo/relation2/relation2.-O2.smt2,unknown
test/demo/relation2/relation2.-O0.smt2,sat
test/demo/threeloopserr/threeloopserr.-O2.smt2,unsat
test/demo/threeloopserr/threeloopserr.-O0.smt2,unsat
test/demo/uautomizer0/uautomizer0.-O0.smt2,sat
test/demo/uautomizer0/uautomizer0.-O2.smt2,sat
test/demo/s_mutants_23/s_mutants_23.-O0.smt2,unknown
test/demo/s_mutants_23/s_mutants_23.-O2.smt2,unknown
test/demo/ex4/ex4.-O2.smt2,unknown
test/demo/ex4/ex4.-O0.smt2,unknown
test/demo/fibo/fibo.-O2.smt2,unsat
test/demo/fibo/fibo.-O0.smt2,unsat
test/demo/ex3/ex3.-O2.smt2,unsat
test/demo/ex3/ex3.-O0.smt2,unsat
test/demo/ssft3/ssft3.-O0.smt2,sat
test/demo/ssft3/ssft3.-O2.smt2,sat
test/demo/forward-backward2/forward-backward2.-O2.smt2,unsat
test/demo/forward-backward2/forward-backward2.-O0.smt2,unsat
test/demo/ex2/ex2.-O2.smt2,sat
test/demo/ex2/ex2.-O0.smt2,sat
test/demo/sumn/sumn.-O0.smt2,unknown
test/demo/sumn/sumn.-O2.smt2,unknown
test/demo/ex5/ex5.-O2.smt2,unsat
test/demo/ex5/ex5.-O0.smt2,unsat
test/demo/urn/urn.-O2.smt2,unknown
test/demo/urn/urn.-O0.smt2,sat
test/demo/41/41.-O0.smt2,unknown
test/demo/41/41.-O2.smt2,unknown
test/demo/24/24.-O2.smt2,sat
test/demo/24/24.-O0.smt2,sat
test/demo/McCarthy/McCarthy.-O2.smt2,unknown
test/demo/McCarthy/McCarthy.-O0.smt2,sat
test/demo/23/23.-O2.smt2,unsat
test/demo/23/23.-O0.smt2,sat
test/demo/15/15.-O0.smt2,unknown
test/demo/15/15.-O2.smt2,unknown
test/demo/12/12.-O0.smt2,unsat
test/demo/12/12.-O2.smt2,unsat
test/demo/polyhedra/polyhedra.-O0.smt2,unknown
test/demo/polyhedra/polyhedra.-O2.smt2,unknown
test/demo/47/47.-O0.smt2,sat
test/demo/47/47.-O2.smt2,sat
test/demo/13/13.-O0.smt2,unknown
test/demo/13/13.-O2.smt2,unsat
test/demo/phases_m/phases_m.-O2.smt2,sat
test/demo/phases_m/phases_m.-O0.smt2,unknown
test/demo/22/22.-O2.smt2,unknown
test/demo/22/22.-O0.smt2,sat
test/demo/25/25.-O2.smt2,unsat
test/demo/25/25.-O0.smt2,unsat
test/depthk/sas07/sas07.-O2.smt2,unknown
test/depthk/sas07/sas07.-O0.smt2,sat
test/depthk/xyz2/xyz2.-O0.smt2,unknown
test/depthk/xyz2/xyz2.-O2.smt2,sat
test/depthk/gcd-with-time/gcd-with-time.-O0.smt2,unsat
test/depthk/gcd-with-time/gcd-with-time.-O2.smt2,unsat
test/depthk/f2/f2.-O0.smt2,unknown
test/depthk/f2/f2.-O2.smt2,unknown
test/depthk/xyz/xyz.-O2.smt2,sat
test/depthk/xyz/xyz.-O0.smt2,unknown
test/depthk/kinductor01/kinductor01.-O0.smt2,sat
test/depthk/kinductor01/kinductor01.-O2.smt2,sat
test/depthk/xy10/xy10.-O0.smt2,unknown
test/depthk/xy10/xy10.-O2.smt2,unsat
test/depthk/pldi082/pldi082.-O2.smt2,unsat
test/depthk/pldi082/pldi082.-O0.smt2,unknown
test/depthk/substring/substring.-O0.smt2,sat
test/depthk/substring/substring.-O2.smt2,sat
test/depthk/nodet_paper_ex/nodet_paper_ex.-O0.smt2,sat
test/depthk/nodet_paper_ex/nodet_paper_ex.-O2.smt2,unknown
test/depthk/from_lucas_main/from_lucas_main.-O2.smt2,unknown
test/depthk/from_lucas_main/from_lucas_main.-O0.smt2,sat
test/depthk/count_down/count_down.-O2.smt2,sat
test/depthk/count_down/count_down.-O0.smt2,sat
test/depthk/sample_loop/sample_loop.-O0.smt2,unknown
test/depthk/sample_loop/sample_loop.-O2.smt2,sat
test/depthk/xy4/xy4.-O0.smt2,unknown
test/depthk/xy4/xy4.-O2.smt2,unsat
test/depthk/cav2014/cav2014.-O2.smt2,unsat
test/depthk/cav2014/cav2014.-O0.smt2,unknown
test/mochi/demo/demo.-O0.smt2,unsat
test/mochi/demo/demo.-O2.smt2,unknown
test/mochi/bsearch/bsearch.-O0.smt2,unknown
test/mochi/bsearch/bsearch.-O2.smt2,unsat
test/mochi/inductive/inductive.-O2.smt2,sat
test/mochi/inductive/inductive.-O0.smt2,sat
test/mochi/amax/amax.-O2.smt2,unknown
test/mochi/amax/amax.-O0.smt2,unknown
test/mochi/fib/fib.-O0.smt2,unknown
test/mochi/fib/fib.-O2.smt2,unknown
test/mochi/inductive3-2/inductive3-2.-O0.smt2,sat
test/mochi/inductive3-2/inductive3-2.-O2.smt2,sat
test/dagger/p1-ok/p1-ok.-O2.smt2,unknown
test/dagger/p1-ok/p1-ok.-O0.smt2,sat
test/dagger/lifnat/lifnat.-O2.smt2,unsat
test/dagger/lifnat/lifnat.-O0.smt2,unsat
test/dagger/p1-ok2/p1-ok2.-O2.smt2,unknown
test/dagger/p1-ok2/p1-ok2.-O0.smt2,unknown
test/dagger/hsort2/hsort2.-O0.smt2,unsat
test/dagger/hsort2/hsort2.-O2.smt2,unsat
test/dagger/seesaw/seesaw.-O2.smt2,unknown
test/dagger/seesaw/seesaw.-O0.smt2,unsat
test/dagger/babr/babr.-O2.smt2,sat
test/dagger/babr/babr.-O0.smt2,sat
test/dagger/f2/f2.-O0.smt2,unknown
test/dagger/f2/f2.-O2.smt2,unknown
test/dagger/ex1/ex1.-O0.smt2,unsat
test/dagger/ex1/ex1.-O2.smt2,unsat
test/dagger/efm/efm.-O2.smt2,unsat
test/dagger/efm/efm.-O0.smt2,unsat
test/dagger/cars2/cars2.-O0.smt2,unknown
test/dagger/cars2/cars2.-O2.smt2,unsat
test/dagger/JM06/JM06.-O2.smt2,unknown
test/dagger/JM06/JM06.-O0.smt2,sat
test/dagger/cars3/cars3.-O0.smt2,unknown
test/dagger/cars3/cars3.-O2.smt2,unsat
test/dagger/hsort/hsort.-O0.smt2,unsat
test/dagger/hsort/hsort.-O2.smt2,unsat
test/dagger/swim/swim.-O0.smt2,sat
test/dagger/swim/swim.-O2.smt2,sat
test/dagger/cars/cars.-O2.smt2,unsat
test/dagger/cars/cars.-O0.smt2,unsat
test/dagger/bk-nat/bk-nat.-O0.smt2,unsat
test/dagger/bk-nat/bk-nat.-O2.smt2,unsat
test/dagger/swim4/swim4.-O2.smt2,unknown
test/dagger/swim4/swim4.-O0.smt2,sat
test/dagger/swim3/swim3.-O2.smt2,unknown
test/dagger/swim3/swim3.-O0.smt2,sat
test/dagger/swim2/swim2.-O2.smt2,sat
test/dagger/swim2/swim2.-O0.smt2,sat
test/dagger/bkley/bkley.-O2.smt2,unsat
test/dagger/bkley/bkley.-O0.smt2,unsat
test/dagger/p3-ok/p3-ok.-O0.smt2,unsat
test/dagger/p3-ok/p3-ok.-O2.smt2,sat
test/dagger/p2-ok/p2-ok.-O2.smt2,sat
test/dagger/p2-ok/p2-ok.-O0.smt2,sat
test/dagger/lifo/lifo.-O0.smt2,sat
test/dagger/lifo/lifo.-O2.smt2,sat
test/sv-benchmarks/product-lines/minepump_spec5_productSimulator_true-unreach-call_false-termination.cil/minepump_spec5_productSimulator_true-unreach-call_false-termination.cil.-O2.smt2,sat
test/sv-benchmarks/product-lines/minepump_spec5_productSimulator_true-unreach-call_false-termination.cil/minepump_spec5_productSimulator_true-unreach-call_false-termination.cil.-O0.smt2,sat
test/sv-benchmarks/product-lines/minepump_spec3_product45_true-unreach-call_false-termination.cil/minepump_spec3_product45_true-unreach-call_false-termination.cil.-O2.smt2,sat
test/sv-benchmarks/product-lines/minepump_spec3_product45_true-unreach-call_false-termination.cil/minepump_spec3_product45_true-unreach-call_false-termination.cil.-O0.smt2,sat
test/sv-benchmarks/product-lines/email_spec11_product23_true-unreach-call_true-termination.cil/email_spec11_product23_true-unreach-call_true-termination.cil.-O0.smt2,sat
test/sv-benchmarks/product-lines/email_spec11_product23_true-unreach-call_true-termination.cil/email_spec11_product23_true-unreach-call_true-termination.cil.-O2.smt2,sat
test/sv-benchmarks/product-lines/email_spec27_product17_false-unreach-call_true-termination.cil/email_spec27_product17_false-unreach-call_true-termination.cil.-O0.smt2,unknown
test/sv-benchmarks/product-lines/email_spec27_product17_false-unreach-call_true-termination.cil/email_spec27_product17_false-unreach-call_true-termination.cil.-O2.smt2,unknown
test/sv-benchmarks/product-lines/email_spec27_product19_false-unreach-call_true-termination.cil/email_spec27_product19_false-unreach-call_true-termination.cil.-O2.smt2,unknown
test/sv-benchmarks/product-lines/email_spec27_product19_false-unreach-call_true-termination.cil/email_spec27_product19_false-unreach-call_true-termination.cil.-O0.smt2,unknown
test/sv-benchmarks/product-lines/elevator_spec2_product27_true-unreach-call_true-termination.cil/elevator_spec2_product27_true-unreach-call_true-termination.cil.-O0.smt2,unknown
test/sv-benchmarks/product-lines/elevator_spec2_product27_true-unreach-call_true-termination.cil/elevator_spec2_product27_true-unreach-call_true-termination.cil.-O2.smt2,unknown
test/sv-benchmarks/product-lines/minepump_spec4_product34_false-unreach-call_false-termination.cil/minepump_spec4_product34_false-unreach-call_false-termination.cil.-O0.smt2,unsat
test/sv-benchmarks/product-lines/minepump_spec4_product34_false-unreach-call_false-termination.cil/minepump_spec4_product34_false-unreach-call_false-termination.cil.-O2.smt2,unsat
test/sv-benchmarks/product-lines/email_spec4_product25_false-unreach-call_true-termination.cil/email_spec4_product25_false-unreach-call_true-termination.cil.-O0.smt2,unknown
test/sv-benchmarks/product-lines/email_spec4_product25_false-unreach-call_true-termination.cil/email_spec4_product25_false-unreach-call_true-termination.cil.-O2.smt2,unknown
test/sv-benchmarks/product-lines/minepump_spec2_product30_true-unreach-call_false-termination.cil/minepump_spec2_product30_true-unreach-call_false-termination.cil.-O2.smt2,sat
test/sv-benchmarks/product-lines/minepump_spec2_product30_true-unreach-call_false-termination.cil/minepump_spec2_product30_true-unreach-call_false-termination.cil.-O0.smt2,sat
test/sv-benchmarks/product-lines/minepump_spec2_product05_true-unreach-call_false-termination.cil/minepump_spec2_product05_true-unreach-call_false-termination.cil.-O0.smt2,sat
test/sv-benchmarks/product-lines/minepump_spec2_product05_true-unreach-call_false-termination.cil/minepump_spec2_product05_true-unreach-call_false-termination.cil.-O2.smt2,sat
test/sv-benchmarks/product-lines/email_spec3_product33_false-unreach-call_true-termination.cil/email_spec3_product33_false-unreach-call_true-termination.cil.-O0.smt2,unknown
test/sv-benchmarks/product-lines/email_spec3_product33_false-unreach-call_true-termination.cil/email_spec3_product33_false-unreach-call_true-termination.cil.-O2.smt2,unsat
test/sv-benchmarks/product-lines/minepump_spec5_product28_true-unreach-call_false-termination.cil/minepump_spec5_product28_true-unreach-call_false-termination.cil.-O0.smt2,sat
test/sv-benchmarks/product-lines/minepump_spec5_product28_true-unreach-call_false-termination.cil/minepump_spec5_product28_true-unreach-call_false-termination.cil.-O2.smt2,sat
test/sv-benchmarks/product-lines/email_spec6_product29_false-unreach-call_true-termination.cil/email_spec6_product29_false-unreach-call_true-termination.cil.-O2.smt2,unsat
test/sv-benchmarks/product-lines/email_spec6_product29_false-unreach-call_true-termination.cil/email_spec6_product29_false-unreach-call_true-termination.cil.-O0.smt2,unknown
test/sv-benchmarks/product-lines/minepump_spec5_product13_true-unreach-call_false-termination.cil/minepump_spec5_product13_true-unreach-call_false-termination.cil.-O0.smt2,sat
test/sv-benchmarks/product-lines/minepump_spec5_product13_true-unreach-call_false-termination.cil/minepump_spec5_product13_true-unreach-call_false-termination.cil.-O2.smt2,sat
test/sv-benchmarks/product-lines/minepump_spec5_product26_true-unreach-call_false-termination.cil/minepump_spec5_product26_true-unreach-call_false-termination.cil.-O2.smt2,sat
test/sv-benchmarks/product-lines/minepump_spec5_product26_true-unreach-call_false-termination.cil/minepump_spec5_product26_true-unreach-call_false-termination.cil.-O0.smt2,sat
test/sv-benchmarks/product-lines/email_spec6_product12_false-unreach-call_true-termination.cil/email_spec6_product12_false-unreach-call_true-termination.cil.-O2.smt2,unsat
test/sv-benchmarks/product-lines/email_spec6_product12_false-unreach-call_true-termination.cil/email_spec6_product12_false-unreach-call_true-termination.cil.-O0.smt2,unknown
test/sv-benchmarks/product-lines/elevator_spec3_product29_true-unreach-call_true-termination.cil/elevator_spec3_product29_true-unreach-call_true-termination.cil.-O2.smt2,unknown
test/sv-benchmarks/product-lines/elevator_spec3_product29_true-unreach-call_true-termination.cil/elevator_spec3_product29_true-unreach-call_true-termination.cil.-O0.smt2,unknown
test/sv-benchmarks/product-lines/minepump_spec4_product48_false-unreach-call_false-termination.cil/minepump_spec4_product48_false-unreach-call_false-termination.cil.-O0.smt2,unsat
test/sv-benchmarks/product-lines/minepump_spec4_product48_false-unreach-call_false-termination.cil/minepump_spec4_product48_false-unreach-call_false-termination.cil.-O2.smt2,unsat
test/sv-benchmarks/product-lines/email_spec9_product20_false-unreach-call_true-termination.cil/email_spec9_product20_false-unreach-call_true-termination.cil.-O2.smt2,unknown
test/sv-benchmarks/product-lines/email_spec9_product20_false-unreach-call_true-termination.cil/email_spec9_product20_false-unreach-call_true-termination.cil.-O0.smt2,unknown
test/sv-benchmarks/product-lines/email_spec6_productSimulator_false-unreach-call_true-termination.cil/email_spec6_productSimulator_false-unreach-call_true-termination.cil.-O2.smt2,unsat
test/sv-benchmarks/product-lines/email_spec6_productSimulator_false-unreach-call_true-termination.cil/email_spec6_productSimulator_false-unreach-call_true-termination.cil.-O0.smt2,unknown
test/sv-benchmarks/product-lines/email_spec4_product17_true-unreach-call_true-termination.cil/email_spec4_product17_true-unreach-call_true-termination.cil.-O0.smt2,unknown
test/sv-benchmarks/product-lines/email_spec4_product17_true-unreach-call_true-termination.cil/email_spec4_product17_true-unreach-call_true-termination.cil.-O2.smt2,sat
test/sv-benchmarks/product-lines/email_spec9_product15_false-unreach-call_true-termination.cil/email_spec9_product15_false-unreach-call_true-termination.cil.-O0.smt2,unknown
test/sv-benchmarks/product-lines/email_spec9_product15_false-unreach-call_true-termination.cil/email_spec9_product15_false-unreach-call_true-termination.cil.-O2.smt2,unknown
test/sv-benchmarks/product-lines/minepump_spec5_product52_true-unreach-call_false-termination.cil/minepump_spec5_product52_true-unreach-call_false-termination.cil.-O0.smt2,sat
test/sv-benchmarks/product-lines/minepump_spec5_product52_true-unreach-call_false-termination.cil/minepump_spec5_product52_true-unreach-call_false-termination.cil.-O2.smt2,sat
test/sv-benchmarks/product-lines/minepump_spec1_product47_true-unreach-call_false-termination.cil/minepump_spec1_product47_true-unreach-call_false-termination.cil.-O2.smt2,sat
test/sv-benchmarks/product-lines/minepump_spec1_product47_true-unreach-call_false-termination.cil/minepump_spec1_product47_true-unreach-call_false-termination.cil.-O0.smt2,sat
test/sv-benchmarks/product-lines/minepump_spec2_product42_false-unreach-call_false-termination.cil/minepump_spec2_product42_false-unreach-call_false-termination.cil.-O0.smt2,unsat
test/sv-benchmarks/product-lines/minepump_spec2_product42_false-unreach-call_false-termination.cil/minepump_spec2_product42_false-unreach-call_false-termination.cil.-O2.smt2,unsat
test/sv-benchmarks/product-lines/minepump_spec4_product53_true-unreach-call_false-termination.cil/minepump_spec4_product53_true-unreach-call_false-termination.cil.-O2.smt2,sat
test/sv-benchmarks/product-lines/minepump_spec4_product53_true-unreach-call_false-termination.cil/minepump_spec4_product53_true-unreach-call_false-termination.cil.-O0.smt2,sat
test/sv-benchmarks/product-lines/elevator_spec2_product01_true-unreach-call_true-termination.cil/elevator_spec2_product01_true-unreach-call_true-termination.cil.-O0.smt2,unknown
test/sv-benchmarks/product-lines/elevator_spec2_product01_true-unreach-call_true-termination.cil/elevator_spec2_product01_true-unreach-call_true-termination.cil.-O2.smt2,unknown
test/sv-benchmarks/product-lines/elevator_spec13_product30_true-unreach-call_false-termination.cil/elevator_spec13_product30_true-unreach-call_false-termination.cil.-O2.smt2,unknown
test/sv-benchmarks/product-lines/elevator_spec13_product30_true-unreach-call_false-termination.cil/elevator_spec13_product30_true-unreach-call_false-termination.cil.-O0.smt2,unknown
test/sv-benchmarks/product-lines/email_spec8_product21_false-unreach-call_true-termination.cil/email_spec8_product21_false-unreach-call_true-termination.cil.-O0.smt2,unknown
test/sv-benchmarks/product-lines/email_spec8_product21_false-unreach-call_true-termination.cil/email_spec8_product21_false-unreach-call_true-termination.cil.-O2.smt2,unknown
test/sv-benchmarks/product-lines/email_spec7_product28_false-unreach-call_true-termination.cil/email_spec7_product28_false-unreach-call_true-termination.cil.-O0.smt2,unknown
test/sv-benchmarks/product-lines/email_spec7_product28_false-unreach-call_true-termination.cil/email_spec7_product28_false-unreach-call_true-termination.cil.-O2.smt2,unsat
test/sv-benchmarks/product-lines/minepump_spec4_product29_true-unreach-call_false-termination.cil/minepump_spec4_product29_true-unreach-call_false-termination.cil.-O2.smt2,sat
test/sv-benchmarks/product-lines/minepump_spec4_product29_true-unreach-call_false-termination.cil/minepump_spec4_product29_true-unreach-call_false-termination.cil.-O0.smt2,sat
test/sv-benchmarks/product-lines/minepump_spec1_product06_true-unreach-call_false-termination.cil/minepump_spec1_product06_true-unreach-call_false-termination.cil.-O2.smt2,sat
test/sv-benchmarks/product-lines/minepump_spec1_product06_true-unreach-call_false-termination.cil/minepump_spec1_product06_true-unreach-call_false-termination.cil.-O0.smt2,sat
test/sv-benchmarks/product-lines/minepump_spec4_product27_true-unreach-call_false-termination.cil/minepump_spec4_product27_true-unreach-call_false-termination.cil.-O0.smt2,sat
test/sv-benchmarks/product-lines/minepump_spec4_product27_true-unreach-call_false-termination.cil/minepump_spec4_product27_true-unreach-call_false-termination.cil.-O2.smt2,sat
test/sv-benchmarks/product-lines/minepump_spec1_product08_true-unreach-call_false-termination.cil/minepump_spec1_product08_true-unreach-call_false-termination.cil.-O0.smt2,sat
test/sv-benchmarks/product-lines/minepump_spec1_product08_true-unreach-call_false-termination.cil/minepump_spec1_product08_true-unreach-call_false-termination.cil.-O2.smt2,sat
test/sv-benchmarks/product-lines/elevator_spec1_product32_false-unreach-call_true-termination.cil/elevator_spec1_product32_false-unreach-call_true-termination.cil.-O2.smt2,unknown
test/sv-benchmarks/product-lines/elevator_spec1_product32_false-unreach-call_true-termination.cil/elevator_spec1_product32_false-unreach-call_true-termination.cil.-O0.smt2,unknown
test/sv-benchmarks/product-lines/minepump_spec4_product12_true-unreach-call_false-termination.cil/minepump_spec4_product12_true-unreach-call_false-termination.cil.-O2.smt2,sat
test/sv-benchmarks/product-lines/minepump_spec4_product12_true-unreach-call_false-termination.cil/minepump_spec4_product12_true-unreach-call_false-termination.cil.-O0.smt2,sat
test/sv-benchmarks/product-lines/minepump_spec1_product07_true-unreach-call_false-termination.cil/minepump_spec1_product07_true-unreach-call_false-termination.cil.-O0.smt2,sat
test/sv-benchmarks/product-lines/minepump_spec1_product07_true-unreach-call_false-termination.cil/minepump_spec1_product07_true-unreach-call_false-termination.cil.-O2.smt2,sat
test/sv-benchmarks/product-lines/elevator_spec14_product32_false-unreach-call_true-termination.cil/elevator_spec14_product32_false-unreach-call_true-termination.cil.-O0.smt2,unknown
test/sv-benchmarks/product-lines/elevator_spec14_product32_false-unreach-call_true-termination.cil/elevator_spec14_product32_false-unreach-call_true-termination.cil.-O2.smt2,unknown
test/sv-benchmarks/product-lines/minepump_spec4_product28_true-unreach-call_false-termination.cil/minepump_spec4_product28_true-unreach-call_false-termination.cil.-O0.smt2,sat
test/sv-benchmarks/product-lines/minepump_spec4_product28_true-unreach-call_false-termination.cil/minepump_spec4_product28_true-unreach-call_false-termination.cil.-O2.smt2,sat
test/sv-benchmarks/product-lines/email_spec7_product29_false-unreach-call_true-termination.cil/email_spec7_product29_false-unreach-call_true-termination.cil.-O2.smt2,unsat
test/sv-benchmarks/product-lines/email_spec7_product29_false-unreach-call_true-termination.cil/email_spec7_product29_false-unreach-call_true-termination.cil.-O0.smt2,unknown
test/sv-benchmarks/product-lines/minepump_spec1_product32_true-unreach-call_false-termination.cil/minepump_spec1_product32_true-unreach-call_false-termination.cil.-O2.smt2,sat
test/sv-benchmarks/product-lines/minepump_spec1_product32_true-unreach-call_false-termination.cil/minepump_spec1_product32_true-unreach-call_false-termination.cil.-O0.smt2,sat
test/sv-benchmarks/product-lines/minepump_spec4_product13_true-unreach-call_false-termination.cil/minepump_spec4_product13_true-unreach-call_false-termination.cil.-O0.smt2,sat
test/sv-benchmarks/product-lines/minepump_spec4_product13_true-unreach-call_false-termination.cil/minepump_spec4_product13_true-unreach-call_false-termination.cil.-O2.smt2,sat
test/sv-benchmarks/product-lines/minepump_spec1_product09_true-unreach-call_false-termination.cil/minepump_spec1_product09_true-unreach-call_false-termination.cil.-O2.smt2,sat
test/sv-benchmarks/product-lines/minepump_spec1_product09_true-unreach-call_false-termination.cil/minepump_spec1_product09_true-unreach-call_false-termination.cil.-O0.smt2,sat
test/sv-benchmarks/product-lines/minepump_spec4_product26_true-unreach-call_false-termination.cil/minepump_spec4_product26_true-unreach-call_false-termination.cil.-O2.smt2,sat
test/sv-benchmarks/product-lines/minepump_spec4_product26_true-unreach-call_false-termination.cil/minepump_spec4_product26_true-unreach-call_false-termination.cil.-O0.smt2,sat
test/sv-benchmarks/product-lines/minepump_spec2_productSimulator_false-unreach-call_false-termination.cil/minepump_spec2_productSimulator_false-unreach-call_false-termination.cil.-O2.smt2,unsat
test/sv-benchmarks/product-lines/minepump_spec2_productSimulator_false-unreach-call_false-termination.cil/minepump_spec2_productSimulator_false-unreach-call_false-termination.cil.-O0.smt2,unsat
test/sv-benchmarks/product-lines/email_spec0_product11_true-unreach-call_true-termination.cil/email_spec0_product11_true-unreach-call_true-termination.cil.-O2.smt2,sat
test/sv-benchmarks/product-lines/email_spec0_product11_true-unreach-call_true-termination.cil/email_spec0_product11_true-unreach-call_true-termination.cil.-O0.smt2,sat
test/sv-benchmarks/product-lines/minepump_spec1_product46_true-unreach-call_false-termination.cil/minepump_spec1_product46_true-unreach-call_false-termination.cil.-O0.smt2,sat
test/sv-benchmarks/product-lines/minepump_spec1_product46_true-unreach-call_false-termination.cil/minepump_spec1_product46_true-unreach-call_false-termination.cil.-O2.smt2,sat
test/sv-benchmarks/product-lines/minepump_spec1_product48_true-unreach-call_false-termination.cil/minepump_spec1_product48_true-unreach-call_false-termination.cil.-O2.smt2,sat
test/sv-benchmarks/product-lines/minepump_spec1_product48_true-unreach-call_false-termination.cil/minepump_spec1_product48_true-unreach-call_false-termination.cil.-O0.smt2,sat
test/sv-benchmarks/product-lines/email_spec8_product20_false-unreach-call_true-termination.cil/email_spec8_product20_false-unreach-call_true-termination.cil.-O2.smt2,unknown
test/sv-benchmarks/product-lines/email_spec8_product20_false-unreach-call_true-termination.cil/email_spec8_product20_false-unreach-call_true-termination.cil.-O0.smt2,unknown
test/sv-benchmarks/product-lines/elevator_spec2_product11_true-unreach-call_true-termination.cil/elevator_spec2_product11_true-unreach-call_true-termination.cil.-O2.smt2,unknown
test/sv-benchmarks/product-lines/elevator_spec2_product11_true-unreach-call_true-termination.cil/elevator_spec2_product11_true-unreach-call_true-termination.cil.-O0.smt2,unknown
test/sv-benchmarks/product-lines/elevator_spec13_product31_true-unreach-call_false-termination.cil/elevator_spec13_product31_true-unreach-call_false-termination.cil.-O0.smt2,unknown
test/sv-benchmarks/product-lines/elevator_spec13_product31_true-unreach-call_false-termination.cil/elevator_spec13_product31_true-unreach-call_false-termination.cil.-O2.smt2,unknown
test/sv-benchmarks/product-lines/email_spec8_product15_false-unreach-call_true-termination.cil/email_spec8_product15_false-unreach-call_true-termination.cil.-O0.smt2,unknown
test/sv-benchmarks/product-lines/email_spec8_product15_false-unreach-call_true-termination.cil/email_spec8_product15_false-unreach-call_true-termination.cil.-O2.smt2,unknown
test/sv-benchmarks/product-lines/minepump_spec4_product52_true-unreach-call_false-termination.cil/minepump_spec4_product52_true-unreach-call_false-termination.cil.-O0.smt2,sat
test/sv-benchmarks/product-lines/minepump_spec4_product52_true-unreach-call_false-termination.cil/minepump_spec4_product52_true-unreach-call_false-termination.cil.-O2.smt2,sat
test/sv-benchmarks/product-lines/minepump_spec5_product53_true-unreach-call_false-termination.cil/minepump_spec5_product53_true-unreach-call_false-termination.cil.-O2.smt2,sat
test/sv-benchmarks/product-lines/minepump_spec5_product53_true-unreach-call_false-termination.cil/minepump_spec5_product53_true-unreach-call_false-termination.cil.-O0.smt2,sat
test/sv-benchmarks/product-lines/email_spec9_product21_false-unreach-call_true-termination.cil/email_spec9_product21_false-unreach-call_true-termination.cil.-O0.smt2,unknown
test/sv-benchmarks/product-lines/email_spec9_product21_false-unreach-call_true-termination.cil/email_spec9_product21_false-unreach-call_true-termination.cil.-O2.smt2,unknown
test/sv-benchmarks/product-lines/email_spec9_product28_true-unreach-call_true-termination.cil/email_spec9_product28_true-unreach-call_true-termination.cil.-O0.smt2,unknown
test/sv-benchmarks/product-lines/email_spec9_product28_true-unreach-call_true-termination.cil/email_spec9_product28_true-unreach-call_true-termination.cil.-O2.smt2,sat
test/sv-benchmarks/product-lines/email_spec6_product28_false-unreach-call_true-termination.cil/email_spec6_product28_false-unreach-call_true-termination.cil.-O0.smt2,unknown
test/sv-benchmarks/product-lines/email_spec6_product28_false-unreach-call_true-termination.cil/email_spec6_product28_false-unreach-call_true-termination.cil.-O2.smt2,unsat
test/sv-benchmarks/product-lines/minepump_spec5_product29_true-unreach-call_false-termination.cil/minepump_spec5_product29_true-unreach-call_false-termination.cil.-O2.smt2,sat
test/sv-benchmarks/product-lines/minepump_spec5_product29_true-unreach-call_false-termination.cil/minepump_spec5_product29_true-unreach-call_false-termination.cil.-O0.smt2,sat
test/sv-benchmarks/product-lines/email_spec3_product32_false-unreach-call_true-termination.cil/email_spec3_product32_false-unreach-call_true-termination.cil.-O2.smt2,unknown
test/sv-benchmarks/product-lines/email_spec3_product32_false-unreach-call_true-termination.cil/email_spec3_product32_false-unreach-call_true-termination.cil.-O0.smt2,unknown
test/sv-benchmarks/product-lines/minepump_spec5_product27_true-unreach-call_false-termination.cil/minepump_spec5_product27_true-unreach-call_false-termination.cil.-O0.smt2,sat
test/sv-benchmarks/product-lines/minepump_spec5_product27_true-unreach-call_false-termination.cil/minepump_spec5_product27_true-unreach-call_false-termination.cil.-O2.smt2,sat
test/sv-benchmarks/product-lines/email_spec6_product26_false-unreach-call_true-termination.cil/email_spec6_product26_false-unreach-call_true-termination.cil.-O2.smt2,unsat
test/sv-benchmarks/product-lines/email_spec6_product26_false-unreach-call_true-termination.cil/email_spec6_product26_false-unreach-call_true-termination.cil.-O0.smt2,unknown
test/sv-benchmarks/product-lines/minepump_spec1_product36_false-unreach-call_false-termination.cil/minepump_spec1_product36_false-unreach-call_false-termination.cil.-O2.smt2,unsat
test/sv-benchmarks/product-lines/minepump_spec1_product36_false-unreach-call_false-termination.cil/minepump_spec1_product36_false-unreach-call_false-termination.cil.-O0.smt2,unsat
test/sv-benchmarks/product-lines/minepump_spec5_product12_true-unreach-call_false-termination.cil/minepump_spec5_product12_true-unreach-call_false-termination.cil.-O2.smt2,sat
test/sv-benchmarks/product-lines/minepump_spec5_product12_true-unreach-call_false-termination.cil/minepump_spec5_product12_true-unreach-call_false-termination.cil.-O0.smt2,sat
test/sv-benchmarks/product-lines/minepump_spec2_product45_true-unreach-call_false-termination.cil/minepump_spec2_product45_true-unreach-call_false-termination.cil.-O2.smt2,sat
test/sv-benchmarks/product-lines/minepump_spec2_product45_true-unreach-call_false-termination.cil/minepump_spec2_product45_true-unreach-call_false-termination.cil.-O0.smt2,sat
test/sv-benchmarks/product-lines/elevator_spec2_product30_false-unreach-call_true-termination.cil/elevator_spec2_product30_false-unreach-call_true-termination.cil.-O2.smt2,unknown
test/sv-benchmarks/product-lines/elevator_spec2_product30_false-unreach-call_true-termination.cil/elevator_spec2_product30_false-unreach-call_true-termination.cil.-O0.smt2,unknown
test/sv-benchmarks/product-lines/email_spec4_product24_false-unreach-call_true-termination.cil/email_spec4_product24_false-unreach-call_true-termination.cil.-O2.smt2,unknown
test/sv-benchmarks/product-lines/email_spec4_product24_false-unreach-call_true-termination.cil/email_spec4_product24_false-unreach-call_true-termination.cil.-O0.smt2,unknown
test/sv-benchmarks/product-lines/minepump_spec2_product04_true-unreach-call_false-termination.cil/minepump_spec2_product04_true-unreach-call_false-termination.cil.-O2.smt2,sat
test/sv-benchmarks/product-lines/minepump_spec2_product04_true-unreach-call_false-termination.cil/minepump_spec2_product04_true-unreach-call_false-termination.cil.-O0.smt2,sat
test/sv-benchmarks/product-lines/minepump_spec3_product27_false-unreach-call_false-termination.cil/minepump_spec3_product27_false-unreach-call_false-termination.cil.-O0.smt2,unsat
test/sv-benchmarks/product-lines/minepump_spec3_product27_false-unreach-call_false-termination.cil/minepump_spec3_product27_false-unreach-call_false-termination.cil.-O2.smt2,unsat
test/sv-benchmarks/product-lines/minepump_spec2_product31_true-unreach-call_false-termination.cil/minepump_spec2_product31_true-unreach-call_false-termination.cil.-O0.smt2,sat
test/sv-benchmarks/product-lines/minepump_spec2_product31_true-unreach-call_false-termination.cil/minepump_spec2_product31_true-unreach-call_false-termination.cil.-O2.smt2,sat
test/sv-benchmarks/product-lines/email_spec27_product23_false-unreach-call_true-termination.cil/email_spec27_product23_false-unreach-call_true-termination.cil.-O0.smt2,unknown
test/sv-benchmarks/product-lines/email_spec27_product23_false-unreach-call_true-termination.cil/email_spec27_product23_false-unreach-call_true-termination.cil.-O2.smt2,unknown
test/sv-benchmarks/product-lines/elevator_spec1_product29_true-unreach-call_true-termination.cil/elevator_spec1_product29_true-unreach-call_true-termination.cil.-O2.smt2,unknown
test/sv-benchmarks/product-lines/elevator_spec1_product29_true-unreach-call_true-termination.cil/elevator_spec1_product29_true-unreach-call_true-termination.cil.-O0.smt2,unknown
test/sv-benchmarks/product-lines/email_spec0_product31_false-unreach-call_true-termination.cil/email_spec0_product31_false-unreach-call_true-termination.cil.-O0.smt2,unknown
test/sv-benchmarks/product-lines/email_spec0_product31_false-unreach-call_true-termination.cil/email_spec0_product31_false-unreach-call_true-termination.cil.-O2.smt2,unknown
test/sv-benchmarks/product-lines/email_spec27_product18_false-unreach-call_true-termination.cil/email_spec27_product18_false-unreach-call_true-termination.cil.-O0.smt2,unknown
test/sv-benchmarks/product-lines/email_spec27_product18_false-unreach-call_true-termination.cil/email_spec27_product18_false-unreach-call_true-termination.cil.-O2.smt2,unknown
test/sv-benchmarks/product-lines/email_spec0_product24_true-unreach-call_true-termination.cil/email_spec0_product24_true-unreach-call_true-termination.cil.-O0.smt2,sat
test/sv-benchmarks/product-lines/email_spec0_product24_true-unreach-call_true-termination.cil/email_spec0_product24_true-unreach-call_true-termination.cil.-O2.smt2,sat
test/sv-benchmarks/product-lines/email_spec0_product33_false-unreach-call_true-termination.cil/email_spec0_product33_false-unreach-call_true-termination.cil.-O0.smt2,unknown
test/sv-benchmarks/product-lines/email_spec0_product33_false-unreach-call_true-termination.cil/email_spec0_product33_false-unreach-call_true-termination.cil.-O2.smt2,unknown
test/sv-benchmarks/product-lines/minepump_spec4_product38_false-unreach-call_false-termination.cil/minepump_spec4_product38_false-unreach-call_false-termination.cil.-O0.smt2,unsat
test/sv-benchmarks/product-lines/minepump_spec4_product38_false-unreach-call_false-termination.cil/minepump_spec4_product38_false-unreach-call_false-termination.cil.-O2.smt2,unsat
test/sv-benchmarks/product-lines/minepump_spec1_product42_false-unreach-call_false-termination.cil/minepump_spec1_product42_false-unreach-call_false-termination.cil.-O0.smt2,unsat
test/sv-benchmarks/product-lines/minepump_spec1_product42_false-unreach-call_false-termination.cil/minepump_spec1_product42_false-unreach-call_false-termination.cil.-O2.smt2,unsat
test/sv-benchmarks/product-lines/elevator_spec1_product09_true-unreach-call_true-termination.cil/elevator_spec1_product09_true-unreach-call_true-termination.cil.-O2.smt2,unknown
test/sv-benchmarks/product-lines/elevator_spec1_product09_true-unreach-call_true-termination.cil/elevator_spec1_product09_true-unreach-call_true-termination.cil.-O0.smt2,unknown
test/sv-benchmarks/product-lines/minepump_spec3_product46_true-unreach-call_false-termination.cil/minepump_spec3_product46_true-unreach-call_false-termination.cil.-O0.smt2,sat
test/sv-benchmarks/product-lines/minepump_spec3_product46_true-unreach-call_false-termination.cil/minepump_spec3_product46_true-unreach-call_false-termination.cil.-O2.smt2,sat
test/sv-benchmarks/product-lines/minepump_spec2_product47_true-unreach-call_false-termination.cil/minepump_spec2_product47_true-unreach-call_false-termination.cil.-O2.smt2,sat
test/sv-benchmarks/product-lines/minepump_spec2_product47_true-unreach-call_false-termination.cil/minepump_spec2_product47_true-unreach-call_false-termination.cil.-O0.smt2,sat
test/sv-benchmarks/product-lines/email_spec11_product35_false-unreach-call_true-termination.cil/email_spec11_product35_false-unreach-call_true-termination.cil.-O0.smt2,unknown
test/sv-benchmarks/product-lines/email_spec11_product35_false-unreach-call_true-termination.cil/email_spec11_product35_false-unreach-call_true-termination.cil.-O2.smt2,unsat
test/sv-benchmarks/product-lines/minepump_spec1_product56_false-unreach-call_false-termination.cil/minepump_spec1_product56_false-unreach-call_false-termination.cil.-O0.smt2,unsat
test/sv-benchmarks/product-lines/minepump_spec1_product56_false-unreach-call_false-termination.cil/minepump_spec1_product56_false-unreach-call_false-termination.cil.-O2.smt2,unsat
test/sv-benchmarks/product-lines/minepump_spec2_product49_true-unreach-call_false-termination.cil/minepump_spec2_product49_true-unreach-call_false-termination.cil.-O0.smt2,unknown
test/sv-benchmarks/product-lines/minepump_spec2_product49_true-unreach-call_false-termination.cil/minepump_spec2_product49_true-unreach-call_false-termination.cil.-O2.smt2,sat
test/sv-benchmarks/product-lines/minepump_spec3_productSimulator_false-unreach-call_false-termination.cil/minepump_spec3_productSimulator_false-unreach-call_false-termination.cil.-O0.smt2,unsat
test/sv-benchmarks/product-lines/minepump_spec3_productSimulator_false-unreach-call_false-termination.cil/minepump_spec3_productSimulator_false-unreach-call_false-termination.cil.-O2.smt2,unsat
test/sv-benchmarks/product-lines/minepump_spec2_product06_true-unreach-call_false-termination.cil/minepump_spec2_product06_true-unreach-call_false-termination.cil.-O2.smt2,sat
test/sv-benchmarks/product-lines/minepump_spec2_product06_true-unreach-call_false-termination.cil/minepump_spec2_product06_true-unreach-call_false-termination.cil.-O0.smt2,sat
test/sv-benchmarks/product-lines/elevator_spec2_product17_true-unreach-call_true-termination.cil/elevator_spec2_product17_true-unreach-call_true-termination.cil.-O2.smt2,unknown
test/sv-benchmarks/product-lines/elevator_spec2_product17_true-unreach-call_true-termination.cil/elevator_spec2_product17_true-unreach-call_true-termination.cil.-O0.smt2,sat
test/sv-benchmarks/product-lines/minepump_spec2_product08_true-unreach-call_false-termination.cil/minepump_spec2_product08_true-unreach-call_false-termination.cil.-O0.smt2,sat
test/sv-benchmarks/product-lines/minepump_spec2_product08_true-unreach-call_false-termination.cil/minepump_spec2_product08_true-unreach-call_false-termination.cil.-O2.smt2,sat
test/sv-benchmarks/product-lines/elevator_spec2_product32_false-unreach-call_true-termination.cil/elevator_spec2_product32_false-unreach-call_true-termination.cil.-O2.smt2,unknown
test/sv-benchmarks/product-lines/elevator_spec2_product32_false-unreach-call_true-termination.cil/elevator_spec2_product32_false-unreach-call_true-termination.cil.-O0.smt2,unknown
test/sv-benchmarks/product-lines/minepump_spec3_product47_false-unreach-call_false-termination.cil/minepump_spec3_product47_false-unreach-call_false-termination.cil.-O2.smt2,unsat
test/sv-benchmarks/product-lines/minepump_spec3_product47_false-unreach-call_false-termination.cil/minepump_spec3_product47_false-unreach-call_false-termination.cil.-O0.smt2,unsat
test/sv-benchmarks/product-lines/minepump_spec5_product64_true-unreach-call_false-termination.cil/minepump_spec5_product64_true-unreach-call_false-termination.cil.-O0.smt2,sat
test/sv-benchmarks/product-lines/minepump_spec5_product64_true-unreach-call_false-termination.cil/minepump_spec5_product64_true-unreach-call_false-termination.cil.-O2.smt2,sat
test/sv-benchmarks/product-lines/minepump_spec5_product51_true-unreach-call_false-termination.cil/minepump_spec5_product51_true-unreach-call_false-termination.cil.-O2.smt2,sat
test/sv-benchmarks/product-lines/minepump_spec5_product51_true-unreach-call_false-termination.cil/minepump_spec5_product51_true-unreach-call_false-termination.cil.-O0.smt2,sat
test/sv-benchmarks/product-lines/email_spec9_product16_false-unreach-call_true-termination.cil/email_spec9_product16_false-unreach-call_true-termination.cil.-O2.smt2,unknown
test/sv-benchmarks/product-lines/email_spec9_product16_false-unreach-call_true-termination.cil/email_spec9_product16_false-unreach-call_true-termination.cil.-O0.smt2,unknown
test/sv-benchmarks/product-lines/minepump_spec3_product06_false-unreach-call_false-termination.cil/minepump_spec3_product06_false-unreach-call_false-termination.cil.-O2.smt2,unsat
test/sv-benchmarks/product-lines/minepump_spec3_product06_false-unreach-call_false-termination.cil/minepump_spec3_product06_false-unreach-call_false-termination.cil.-O0.smt2,unsat
test/sv-benchmarks/product-lines/minepump_spec5_product10_true-unreach-call_false-termination.cil/minepump_spec5_product10_true-unreach-call_false-termination.cil.-O2.smt2,sat
test/sv-benchmarks/product-lines/minepump_spec5_product10_true-unreach-call_false-termination.cil/minepump_spec5_product10_true-unreach-call_false-termination.cil.-O0.smt2,sat
test/sv-benchmarks/product-lines/minepump_spec5_product25_true-unreach-call_false-termination.cil/minepump_spec5_product25_true-unreach-call_false-termination.cil.-O0.smt2,sat
test/sv-benchmarks/product-lines/minepump_spec5_product25_true-unreach-call_false-termination.cil/minepump_spec5_product25_true-unreach-call_false-termination.cil.-O2.smt2,sat
test/sv-benchmarks/product-lines/email_spec3_product30_false-unreach-call_true-termination.cil/email_spec3_product30_false-unreach-call_true-termination.cil.-O2.smt2,unknown
test/sv-benchmarks/product-lines/email_spec3_product30_false-unreach-call_true-termination.cil/email_spec3_product30_false-unreach-call_true-termination.cil.-O0.smt2,unknown
test/sv-benchmarks/product-lines/minepump_spec4_product24_true-unreach-call_false-termination.cil/minepump_spec4_product24_true-unreach-call_false-termination.cil.-O2.smt2,sat
test/sv-benchmarks/product-lines/minepump_spec4_product24_true-unreach-call_false-termination.cil/minepump_spec4_product24_true-unreach-call_false-termination.cil.-O0.smt2,sat
test/sv-benchmarks/product-lines/minepump_spec4_product11_true-unreach-call_false-termination.cil/minepump_spec4_product11_true-unreach-call_false-termination.cil.-O0.smt2,sat
test/sv-benchmarks/product-lines/minepump_spec4_product11_true-unreach-call_false-termination.cil/minepump_spec4_product11_true-unreach-call_false-termination.cil.-O2.smt2,sat
test/sv-benchmarks/product-lines/minepump_spec3_product12_false-unreach-call_false-termination.cil/minepump_spec3_product12_false-unreach-call_false-termination.cil.-O2.smt2,unsat
test/sv-benchmarks/product-lines/minepump_spec3_product12_false-unreach-call_false-termination.cil/minepump_spec3_product12_false-unreach-call_false-termination.cil.-O0.smt2,unsat
test/sv-benchmarks/product-lines/minepump_spec1_product30_true-unreach-call_false-termination.cil/minepump_spec1_product30_true-unreach-call_false-termination.cil.-O2.smt2,sat
test/sv-benchmarks/product-lines/minepump_spec1_product30_true-unreach-call_false-termination.cil/minepump_spec1_product30_true-unreach-call_false-termination.cil.-O0.smt2,sat
test/sv-benchmarks/product-lines/minepump_spec1_product05_true-unreach-call_false-termination.cil/minepump_spec1_product05_true-unreach-call_false-termination.cil.-O0.smt2,sat
test/sv-benchmarks/product-lines/minepump_spec1_product05_true-unreach-call_false-termination.cil/minepump_spec1_product05_true-unreach-call_false-termination.cil.-O2.smt2,sat
test/sv-benchmarks/product-lines/elevator_spec2_product31_true-unreach-call_true-termination.cil/elevator_spec2_product31_true-unreach-call_true-termination.cil.-O2.smt2,unknown
test/sv-benchmarks/product-lines/elevator_spec2_product31_true-unreach-call_true-termination.cil/elevator_spec2_product31_true-unreach-call_true-termination.cil.-O0.smt2,unknown
test/sv-benchmarks/product-lines/minepump_spec4_product50_true-unreach-call_false-termination.cil/minepump_spec4_product50_true-unreach-call_false-termination.cil.-O0.smt2,sat
test/sv-benchmarks/product-lines/minepump_spec4_product50_true-unreach-call_false-termination.cil/minepump_spec4_product50_true-unreach-call_false-termination.cil.-O2.smt2,sat
test/sv-benchmarks/product-lines/email_spec8_product22_false-unreach-call_true-termination.cil/email_spec8_product22_false-unreach-call_true-termination.cil.-O2.smt2,unknown
test/sv-benchmarks/product-lines/email_spec8_product22_false-unreach-call_true-termination.cil/email_spec8_product22_false-unreach-call_true-termination.cil.-O0.smt2,unknown
test/sv-benchmarks/product-lines/minepump_spec4_product44_false-unreach-call_false-termination.cil/minepump_spec4_product44_false-unreach-call_false-termination.cil.-O0.smt2,unsat
test/sv-benchmarks/product-lines/minepump_spec4_product44_false-unreach-call_false-termination.cil/minepump_spec4_product44_false-unreach-call_false-termination.cil.-O2.smt2,unsat
test/sv-benchmarks/product-lines/minepump_spec4_product64_true-unreach-call_false-termination.cil/minepump_spec4_product64_true-unreach-call_false-termination.cil.-O0.smt2,sat
test/sv-benchmarks/product-lines/minepump_spec4_product64_true-unreach-call_false-termination.cil/minepump_spec4_product64_true-unreach-call_false-termination.cil.-O2.smt2,sat
test/sv-benchmarks/product-lines/minepump_spec4_product51_true-unreach-call_false-termination.cil/minepump_spec4_product51_true-unreach-call_false-termination.cil.-O2.smt2,sat
test/sv-benchmarks/product-lines/minepump_spec4_product51_true-unreach-call_false-termination.cil/minepump_spec4_product51_true-unreach-call_false-termination.cil.-O0.smt2,sat
test/sv-benchmarks/product-lines/email_spec8_product16_false-unreach-call_true-termination.cil/email_spec8_product16_false-unreach-call_true-termination.cil.-O2.smt2,unknown
test/sv-benchmarks/product-lines/email_spec8_product16_false-unreach-call_true-termination.cil/email_spec8_product16_false-unreach-call_true-termination.cil.-O0.smt2,unknown
test/sv-benchmarks/product-lines/elevator_spec13_product32_true-unreach-call_false-termination.cil/elevator_spec13_product32_true-unreach-call_false-termination.cil.-O2.smt2,unknown
test/sv-benchmarks/product-lines/elevator_spec13_product32_true-unreach-call_false-termination.cil/elevator_spec13_product32_true-unreach-call_false-termination.cil.-O0.smt2,unknown
test/sv-benchmarks/product-lines/elevator_spec2_product21_true-unreach-call_true-termination.cil/elevator_spec2_product21_true-unreach-call_true-termination.cil.-O0.smt2,unknown
test/sv-benchmarks/product-lines/elevator_spec2_product21_true-unreach-call_true-termination.cil/elevator_spec2_product21_true-unreach-call_true-termination.cil.-O2.smt2,unknown
test/sv-benchmarks/product-lines/minepump_spec3_product16_false-unreach-call_false-termination.cil/minepump_spec3_product16_false-unreach-call_false-termination.cil.-O0.smt2,unsat
test/sv-benchmarks/product-lines/minepump_spec3_product16_false-unreach-call_false-termination.cil/minepump_spec3_product16_false-unreach-call_false-termination.cil.-O2.smt2,unsat
test/sv-benchmarks/product-lines/minepump_spec1_product45_true-unreach-call_false-termination.cil/minepump_spec1_product45_true-unreach-call_false-termination.cil.-O2.smt2,sat
test/sv-benchmarks/product-lines/minepump_spec1_product45_true-unreach-call_false-termination.cil/minepump_spec1_product45_true-unreach-call_false-termination.cil.-O0.smt2,sat
test/sv-benchmarks/product-lines/elevator_spec1_product30_false-unreach-call_true-termination.cil/elevator_spec1_product30_false-unreach-call_true-termination.cil.-O2.smt2,unknown
test/sv-benchmarks/product-lines/elevator_spec1_product30_false-unreach-call_true-termination.cil/elevator_spec1_product30_false-unreach-call_true-termination.cil.-O0.smt2,unknown
test/sv-benchmarks/product-lines/minepump_spec4_product10_true-unreach-call_false-termination.cil/minepump_spec4_product10_true-unreach-call_false-termination.cil.-O2.smt2,sat
test/sv-benchmarks/product-lines/minepump_spec4_product10_true-unreach-call_false-termination.cil/minepump_spec4_product10_true-unreach-call_false-termination.cil.-O0.smt2,sat
test/sv-benchmarks/product-lines/email_spec27_product13_true-unreach-call_true-termination.cil/email_spec27_product13_true-unreach-call_true-termination.cil.-O0.smt2,unknown
test/sv-benchmarks/product-lines/email_spec27_product13_true-unreach-call_true-termination.cil/email_spec27_product13_true-unreach-call_true-termination.cil.-O2.smt2,sat
test/sv-benchmarks/product-lines/minepump_spec4_product25_true-unreach-call_false-termination.cil/minepump_spec4_product25_true-unreach-call_false-termination.cil.-O0.smt2,sat
test/sv-benchmarks/product-lines/minepump_spec4_product25_true-unreach-call_false-termination.cil/minepump_spec4_product25_true-unreach-call_false-termination.cil.-O2.smt2,sat
test/sv-benchmarks/product-lines/minepump_spec4_product40_false-unreach-call_false-termination.cil/minepump_spec4_product40_false-unreach-call_false-termination.cil.-O2.smt2,unsat
test/sv-benchmarks/product-lines/minepump_spec4_product40_false-unreach-call_false-termination.cil/minepump_spec4_product40_false-unreach-call_false-termination.cil.-O0.smt2,unsat
test/sv-benchmarks/product-lines/minepump_spec1_product04_true-unreach-call_false-termination.cil/minepump_spec1_product04_true-unreach-call_false-termination.cil.-O2.smt2,sat
test/sv-benchmarks/product-lines/minepump_spec1_product04_true-unreach-call_false-termination.cil/minepump_spec1_product04_true-unreach-call_false-termination.cil.-O0.smt2,sat
test/sv-benchmarks/product-lines/minepump_spec1_product31_true-unreach-call_false-termination.cil/minepump_spec1_product31_true-unreach-call_false-termination.cil.-O0.smt2,sat
test/sv-benchmarks/product-lines/minepump_spec1_product31_true-unreach-call_false-termination.cil/minepump_spec1_product31_true-unreach-call_false-termination.cil.-O2.smt2,sat
test/sv-benchmarks/product-lines/minepump_spec3_product43_false-unreach-call_false-termination.cil/minepump_spec3_product43_false-unreach-call_false-termination.cil.-O0.smt2,unsat
test/sv-benchmarks/product-lines/minepump_spec3_product43_false-unreach-call_false-termination.cil/minepump_spec3_product43_false-unreach-call_false-termination.cil.-O2.smt2,unsat
test/sv-benchmarks/product-lines/minepump_spec5_product24_true-unreach-call_false-termination.cil/minepump_spec5_product24_true-unreach-call_false-termination.cil.-O2.smt2,sat
test/sv-benchmarks/product-lines/minepump_spec5_product24_true-unreach-call_false-termination.cil/minepump_spec5_product24_true-unreach-call_false-termination.cil.-O0.smt2,sat
test/sv-benchmarks/product-lines/minepump_spec5_product11_true-unreach-call_false-termination.cil/minepump_spec5_product11_true-unreach-call_false-termination.cil.-O0.smt2,sat
test/sv-benchmarks/product-lines/minepump_spec5_product11_true-unreach-call_false-termination.cil/minepump_spec5_product11_true-unreach-call_false-termination.cil.-O2.smt2,sat
test/sv-benchmarks/product-lines/minepump_spec3_product02_false-unreach-call_false-termination.cil/minepump_spec3_product02_false-unreach-call_false-termination.cil.-O0.smt2,unsat
test/sv-benchmarks/product-lines/minepump_spec3_product02_false-unreach-call_false-termination.cil/minepump_spec3_product02_false-unreach-call_false-termination.cil.-O2.smt2,unsat
test/sv-benchmarks/product-lines/email_spec3_product31_false-unreach-call_true-termination.cil/email_spec3_product31_false-unreach-call_true-termination.cil.-O0.smt2,unknown
test/sv-benchmarks/product-lines/email_spec3_product31_false-unreach-call_true-termination.cil/email_spec3_product31_false-unreach-call_true-termination.cil.-O2.smt2,unsat
test/sv-benchmarks/product-lines/minepump_spec5_product50_true-unreach-call_false-termination.cil/minepump_spec5_product50_true-unreach-call_false-termination.cil.-O0.smt2,sat
test/sv-benchmarks/product-lines/minepump_spec5_product50_true-unreach-call_false-termination.cil/minepump_spec5_product50_true-unreach-call_false-termination.cil.-O2.smt2,sat
test/sv-benchmarks/product-lines/email_spec9_product22_false-unreach-call_true-termination.cil/email_spec9_product22_false-unreach-call_true-termination.cil.-O2.smt2,unknown
test/sv-benchmarks/product-lines/email_spec9_product22_false-unreach-call_true-termination.cil/email_spec9_product22_false-unreach-call_true-termination.cil.-O0.smt2,unknown
test/sv-benchmarks/product-lines/minepump_spec2_product07_true-unreach-call_false-termination.cil/minepump_spec2_product07_true-unreach-call_false-termination.cil.-O0.smt2,sat
test/sv-benchmarks/product-lines/minepump_spec2_product07_true-unreach-call_false-termination.cil/minepump_spec2_product07_true-unreach-call_false-termination.cil.-O2.smt2,sat
test/sv-benchmarks/product-lines/minepump_spec1_product52_false-unreach-call_false-termination.cil/minepump_spec1_product52_false-unreach-call_false-termination.cil.-O2.smt2,unsat
test/sv-benchmarks/product-lines/minepump_spec1_product52_false-unreach-call_false-termination.cil/minepump_spec1_product52_false-unreach-call_false-termination.cil.-O0.smt2,unsat
test/sv-benchmarks/product-lines/minepump_spec2_product32_true-unreach-call_false-termination.cil/minepump_spec2_product32_true-unreach-call_false-termination.cil.-O2.smt2,sat
test/sv-benchmarks/product-lines/minepump_spec2_product32_true-unreach-call_false-termination.cil/minepump_spec2_product32_true-unreach-call_false-termination.cil.-O0.smt2,sat
test/sv-benchmarks/product-lines/email_spec4_product27_false-unreach-call_true-termination.cil/email_spec4_product27_false-unreach-call_true-termination.cil.-O0.smt2,unknown
test/sv-benchmarks/product-lines/email_spec4_product27_false-unreach-call_true-termination.cil/email_spec4_product27_false-unreach-call_true-termination.cil.-O2.smt2,unknown
test/sv-benchmarks/product-lines/minepump_spec2_product09_true-unreach-call_false-termination.cil/minepump_spec2_product09_true-unreach-call_false-termination.cil.-O2.smt2,sat
test/sv-benchmarks/product-lines/minepump_spec2_product09_true-unreach-call_false-termination.cil/minepump_spec2_product09_true-unreach-call_false-termination.cil.-O0.smt2,sat
test/sv-benchmarks/product-lines/minepump_spec2_product46_true-unreach-call_false-termination.cil/minepump_spec2_product46_true-unreach-call_false-termination.cil.-O0.smt2,sat
test/sv-benchmarks/product-lines/minepump_spec2_product46_true-unreach-call_false-termination.cil/minepump_spec2_product46_true-unreach-call_false-termination.cil.-O2.smt2,sat
test/sv-benchmarks/product-lines/minepump_spec2_product48_true-unreach-call_false-termination.cil/minepump_spec2_product48_true-unreach-call_false-termination.cil.-O2.smt2,sat
test/sv-benchmarks/product-lines/minepump_spec2_product48_true-unreach-call_false-termination.cil/minepump_spec2_product48_true-unreach-call_false-termination.cil.-O0.smt2,sat
test/sv-benchmarks/product-lines/email_spec11_product10_true-unreach-call_true-termination.cil/email_spec11_product10_true-unreach-call_true-termination.cil.-O2.smt2,sat
test/sv-benchmarks/product-lines/email_spec11_product10_true-unreach-call_true-termination.cil/email_spec11_product10_true-unreach-call_true-termination.cil.-O0.smt2,sat
test/sv-benchmarks/product-lines/minepump_spec2_product36_false-unreach-call_false-termination.cil/minepump_spec2_product36_false-unreach-call_false-termination.cil.-O2.smt2,unsat
test/sv-benchmarks/product-lines/minepump_spec2_product36_false-unreach-call_false-termination.cil/minepump_spec2_product36_false-unreach-call_false-termination.cil.-O0.smt2,unsat
test/sv-benchmarks/product-lines/minepump_spec3_product49_true-unreach-call_false-termination.cil/minepump_spec3_product49_true-unreach-call_false-termination.cil.-O0.smt2,unknown
test/sv-benchmarks/product-lines/minepump_spec3_product49_true-unreach-call_false-termination.cil/minepump_spec3_product49_true-unreach-call_false-termination.cil.-O2.smt2,sat
test/sv-benchmarks/product-lines/minepump_spec3_product33_true-unreach-call_false-termination.cil/minepump_spec3_product33_true-unreach-call_false-termination.cil.-O0.smt2,sat
test/sv-benchmarks/product-lines/minepump_spec3_product33_true-unreach-call_false-termination.cil/minepump_spec3_product33_true-unreach-call_false-termination.cil.-O2.smt2,sat
test/sv-benchmarks/product-lines/elevator_spec1_product19_true-unreach-call_true-termination.cil/elevator_spec1_product19_true-unreach-call_true-termination.cil.-O0.smt2,unknown
test/sv-benchmarks/product-lines/elevator_spec1_product19_true-unreach-call_true-termination.cil/elevator_spec1_product19_true-unreach-call_true-termination.cil.-O2.smt2,unknown
test/sv-benchmarks/product-lines/elevator_spec3_product32_false-unreach-call_true-termination.cil/elevator_spec3_product32_false-unreach-call_true-termination.cil.-O2.smt2,unknown
test/sv-benchmarks/product-lines/elevator_spec3_product32_false-unreach-call_true-termination.cil/elevator_spec3_product32_false-unreach-call_true-termination.cil.-O0.smt2,unknown
test/sv-benchmarks/product-lines/elevator_spec1_product23_true-unreach-call_true-termination.cil/elevator_spec1_product23_true-unreach-call_true-termination.cil.-O0.smt2,unknown
test/sv-benchmarks/product-lines/elevator_spec1_product23_true-unreach-call_true-termination.cil/elevator_spec1_product23_true-unreach-call_true-termination.cil.-O2.smt2,unknown
test/sv-benchmarks/product-lines/minepump_spec1_product55_false-unreach-call_false-termination.cil/minepump_spec1_product55_false-unreach-call_false-termination.cil.-O0.smt2,unsat
test/sv-benchmarks/product-lines/minepump_spec1_product55_false-unreach-call_false-termination.cil/minepump_spec1_product55_false-unreach-call_false-termination.cil.-O2.smt2,unsat
test/sv-benchmarks/product-lines/email_spec11_product30_false-unreach-call_true-termination.cil/email_spec11_product30_false-unreach-call_true-termination.cil.-O2.smt2,unsat
test/sv-benchmarks/product-lines/email_spec11_product30_false-unreach-call_true-termination.cil/email_spec11_product30_false-unreach-call_true-termination.cil.-O0.smt2,unknown
test/sv-benchmarks/product-lines/minepump_spec2_product38_true-unreach-call_false-termination.cil/minepump_spec2_product38_true-unreach-call_false-termination.cil.-O0.smt2,sat
test/sv-benchmarks/product-lines/minepump_spec2_product38_true-unreach-call_false-termination.cil/minepump_spec2_product38_true-unreach-call_false-termination.cil.-O2.smt2,sat
test/sv-benchmarks/product-lines/email_spec4_product23_false-unreach-call_true-termination.cil/email_spec4_product23_false-unreach-call_true-termination.cil.-O0.smt2,unknown
test/sv-benchmarks/product-lines/email_spec4_product23_false-unreach-call_true-termination.cil/email_spec4_product23_false-unreach-call_true-termination.cil.-O2.smt2,unknown
test/sv-benchmarks/product-lines/elevator_spec14_product11_true-unreach-call_true-termination.cil/elevator_spec14_product11_true-unreach-call_true-termination.cil.-O0.smt2,unknown
test/sv-benchmarks/product-lines/elevator_spec14_product11_true-unreach-call_true-termination.cil/elevator_spec14_product11_true-unreach-call_true-termination.cil.-O2.smt2,unknown
test/sv-benchmarks/product-lines/email_spec4_product18_false-unreach-call_true-termination.cil/email_spec4_product18_false-unreach-call_true-termination.cil.-O0.smt2,unknown
test/sv-benchmarks/product-lines/email_spec4_product18_false-unreach-call_true-termination.cil/email_spec4_product18_false-unreach-call_true-termination.cil.-O2.smt2,unknown
test/sv-benchmarks/product-lines/minepump_spec2_product03_true-unreach-call_false-termination.cil/minepump_spec2_product03_true-unreach-call_false-termination.cil.-O0.smt2,sat
test/sv-benchmarks/product-lines/minepump_spec2_product03_true-unreach-call_false-termination.cil/minepump_spec2_product03_true-unreach-call_false-termination.cil.-O2.smt2,sat
test/sv-benchmarks/product-lines/email_spec27_product24_false-unreach-call_true-termination.cil/email_spec27_product24_false-unreach-call_true-termination.cil.-O2.smt2,unknown
test/sv-benchmarks/product-lines/email_spec27_product24_false-unreach-call_true-termination.cil/email_spec27_product24_false-unreach-call_true-termination.cil.-O0.smt2,unknown
test/sv-benchmarks/product-lines/minepump_spec3_product37_true-unreach-call_false-termination.cil/minepump_spec3_product37_true-unreach-call_false-termination.cil.-O0.smt2,sat
test/sv-benchmarks/product-lines/minepump_spec3_product37_true-unreach-call_false-termination.cil/minepump_spec3_product37_true-unreach-call_false-termination.cil.-O2.smt2,sat
test/sv-benchmarks/product-lines/minepump_spec1_product41_false-unreach-call_false-termination.cil/minepump_spec1_product41_false-unreach-call_false-termination.cil.-O0.smt2,unsat
test/sv-benchmarks/product-lines/minepump_spec1_product41_false-unreach-call_false-termination.cil/minepump_spec1_product41_false-unreach-call_false-termination.cil.-O2.smt2,unsat
test/sv-benchmarks/product-lines/minepump_spec3_product11_false-unreach-call_false-termination.cil/minepump_spec3_product11_false-unreach-call_false-termination.cil.-O2.smt2,unsat
test/sv-benchmarks/product-lines/minepump_spec3_product11_false-unreach-call_false-termination.cil/minepump_spec3_product11_false-unreach-call_false-termination.cil.-O0.smt2,unsat
test/sv-benchmarks/product-lines/minepump_spec1_productSimulator_false-unreach-call_false-termination.cil/minepump_spec1_productSimulator_false-unreach-call_false-termination.cil.-O0.smt2,unsat
test/sv-benchmarks/product-lines/minepump_spec1_productSimulator_false-unreach-call_false-termination.cil/minepump_spec1_productSimulator_false-unreach-call_false-termination.cil.-O2.smt2,unsat
test/sv-benchmarks/product-lines/minepump_spec4_product14_true-unreach-call_false-termination.cil/minepump_spec4_product14_true-unreach-call_false-termination.cil.-O2.smt2,sat
test/sv-benchmarks/product-lines/minepump_spec4_product14_true-unreach-call_false-termination.cil/minepump_spec4_product14_true-unreach-call_false-termination.cil.-O0.smt2,sat
test/sv-benchmarks/product-lines/minepump_spec4_product21_true-unreach-call_false-termination.cil/minepump_spec4_product21_true-unreach-call_false-termination.cil.-O0.smt2,sat
test/sv-benchmarks/product-lines/minepump_spec4_product21_true-unreach-call_false-termination.cil/minepump_spec4_product21_true-unreach-call_false-termination.cil.-O2.smt2,sat
test/sv-benchmarks/product-lines/minepump_spec4_product47_false-unreach-call_false-termination.cil/minepump_spec4_product47_false-unreach-call_false-termination.cil.-O0.smt2,unsat
test/sv-benchmarks/product-lines/minepump_spec4_product47_false-unreach-call_false-termination.cil/minepump_spec4_product47_false-unreach-call_false-termination.cil.-O2.smt2,unsat
test/sv-benchmarks/product-lines/minepump_spec4_product60_true-unreach-call_false-termination.cil/minepump_spec4_product60_true-unreach-call_false-termination.cil.-O0.smt2,sat
test/sv-benchmarks/product-lines/minepump_spec4_product60_true-unreach-call_false-termination.cil/minepump_spec4_product60_true-unreach-call_false-termination.cil.-O2.smt2,sat
test/sv-benchmarks/product-lines/minepump_spec4_product55_true-unreach-call_false-termination.cil/minepump_spec4_product55_true-unreach-call_false-termination.cil.-O2.smt2,sat
test/sv-benchmarks/product-lines/minepump_spec4_product55_true-unreach-call_false-termination.cil/minepump_spec4_product55_true-unreach-call_false-termination.cil.-O0.smt2,sat
test/sv-benchmarks/product-lines/minepump_spec3_product05_false-unreach-call_false-termination.cil/minepump_spec3_product05_false-unreach-call_false-termination.cil.-O2.smt2,unsat
test/sv-benchmarks/product-lines/minepump_spec3_product05_false-unreach-call_false-termination.cil/minepump_spec3_product05_false-unreach-call_false-termination.cil.-O0.smt2,unsat
test/sv-benchmarks/product-lines/minepump_spec5_product54_true-unreach-call_false-termination.cil/minepump_spec5_product54_true-unreach-call_false-termination.cil.-O0.smt2,sat
test/sv-benchmarks/product-lines/minepump_spec5_product54_true-unreach-call_false-termination.cil/minepump_spec5_product54_true-unreach-call_false-termination.cil.-O2.smt2,sat
test/sv-benchmarks/product-lines/minepump_spec3_product44_false-unreach-call_false-termination.cil/minepump_spec3_product44_false-unreach-call_false-termination.cil.-O2.smt2,unsat
test/sv-benchmarks/product-lines/minepump_spec3_product44_false-unreach-call_false-termination.cil/minepump_spec3_product44_false-unreach-call_false-termination.cil.-O0.smt2,unsat
test/sv-benchmarks/product-lines/email_spec9_product26_false-unreach-call_true-termination.cil/email_spec9_product26_false-unreach-call_true-termination.cil.-O2.smt2,unknown
test/sv-benchmarks/product-lines/email_spec9_product26_false-unreach-call_true-termination.cil/email_spec9_product26_false-unreach-call_true-termination.cil.-O0.smt2,unknown
test/sv-benchmarks/product-lines/email_spec0_productSimulator_false-unreach-call_true-termination.cil/email_spec0_productSimulator_false-unreach-call_true-termination.cil.-O2.smt2,unknown
test/sv-benchmarks/product-lines/email_spec0_productSimulator_false-unreach-call_true-termination.cil/email_spec0_productSimulator_false-unreach-call_true-termination.cil.-O0.smt2,unknown
test/sv-benchmarks/product-lines/minepump_spec5_product61_true-unreach-call_false-termination.cil/minepump_spec5_product61_true-unreach-call_false-termination.cil.-O2.smt2,sat
test/sv-benchmarks/product-lines/minepump_spec5_product61_true-unreach-call_false-termination.cil/minepump_spec5_product61_true-unreach-call_false-termination.cil.-O0.smt2,sat
test/sv-benchmarks/product-lines/email_spec7_product13_true-unreach-call_true-termination.cil/email_spec7_product13_true-unreach-call_true-termination.cil.-O0.smt2,sat
test/sv-benchmarks/product-lines/email_spec7_product13_true-unreach-call_true-termination.cil/email_spec7_product13_true-unreach-call_true-termination.cil.-O2.smt2,sat
test/sv-benchmarks/product-lines/email_spec3_product35_false-unreach-call_true-termination.cil/email_spec3_product35_false-unreach-call_true-termination.cil.-O0.smt2,unknown
test/sv-benchmarks/product-lines/email_spec3_product35_false-unreach-call_true-termination.cil/email_spec3_product35_false-unreach-call_true-termination.cil.-O2.smt2,unsat
test/sv-benchmarks/product-lines/email_spec6_product14_false-unreach-call_true-termination.cil/email_spec6_product14_false-unreach-call_true-termination.cil.-O2.smt2,unsat
test/sv-benchmarks/product-lines/email_spec6_product14_false-unreach-call_true-termination.cil/email_spec6_product14_false-unreach-call_true-termination.cil.-O0.smt2,unknown
test/sv-benchmarks/product-lines/minepump_spec5_product20_true-unreach-call_false-termination.cil/minepump_spec5_product20_true-unreach-call_false-termination.cil.-O2.smt2,sat
test/sv-benchmarks/product-lines/minepump_spec5_product20_true-unreach-call_false-termination.cil/minepump_spec5_product20_true-unreach-call_false-termination.cil.-O0.smt2,sat
test/sv-benchmarks/product-lines/minepump_spec5_product15_true-unreach-call_false-termination.cil/minepump_spec5_product15_true-unreach-call_false-termination.cil.-O0.smt2,sat
test/sv-benchmarks/product-lines/minepump_spec5_product15_true-unreach-call_false-termination.cil/minepump_spec5_product15_true-unreach-call_false-termination.cil.-O2.smt2,sat
test/sv-benchmarks/product-lines/email_spec6_product21_false-unreach-call_true-termination.cil/email_spec6_product21_false-unreach-call_true-termination.cil.-O0.smt2,unknown
test/sv-benchmarks/product-lines/email_spec6_product21_false-unreach-call_true-termination.cil/email_spec6_product21_false-unreach-call_true-termination.cil.-O2.smt2,unsat
test/sv-benchmarks/product-lines/minepump_spec3_product01_false-unreach-call_false-termination.cil/minepump_spec3_product01_false-unreach-call_false-termination.cil.-O0.smt2,unsat
test/sv-benchmarks/product-lines/minepump_spec3_product01_false-unreach-call_false-termination.cil/minepump_spec3_product01_false-unreach-call_false-termination.cil.-O2.smt2,unsat
test/sv-benchmarks/product-lines/email_spec3_product34_false-unreach-call_true-termination.cil/email_spec3_product34_false-unreach-call_true-termination.cil.-O2.smt2,unsat
test/sv-benchmarks/product-lines/email_spec3_product34_false-unreach-call_true-termination.cil/email_spec3_product34_false-unreach-call_true-termination.cil.-O0.smt2,unknown
test/sv-benchmarks/product-lines/minepump_spec5_product14_true-unreach-call_false-termination.cil/minepump_spec5_product14_true-unreach-call_false-termination.cil.-O2.smt2,sat
test/sv-benchmarks/product-lines/minepump_spec5_product14_true-unreach-call_false-termination.cil/minepump_spec5_product14_true-unreach-call_false-termination.cil.-O0.smt2,sat
test/sv-benchmarks/product-lines/email_spec6_product20_false-unreach-call_true-termination.cil/email_spec6_product20_false-unreach-call_true-termination.cil.-O2.smt2,unsat
test/sv-benchmarks/product-lines/email_spec6_product20_false-unreach-call_true-termination.cil/email_spec6_product20_false-unreach-call_true-termination.cil.-O0.smt2,unknown
test/sv-benchmarks/product-lines/minepump_spec3_product40_false-unreach-call_false-termination.cil/minepump_spec3_product40_false-unreach-call_false-termination.cil.-O0.smt2,unsat
test/sv-benchmarks/product-lines/minepump_spec3_product40_false-unreach-call_false-termination.cil/minepump_spec3_product40_false-unreach-call_false-termination.cil.-O2.smt2,unsat
test/sv-benchmarks/product-lines/email_spec6_product15_false-unreach-call_true-termination.cil/email_spec6_product15_false-unreach-call_true-termination.cil.-O0.smt2,unknown
test/sv-benchmarks/product-lines/email_spec6_product15_false-unreach-call_true-termination.cil/email_spec6_product15_false-unreach-call_true-termination.cil.-O2.smt2,unsat
test/sv-benchmarks/product-lines/minepump_spec5_product21_true-unreach-call_false-termination.cil/minepump_spec5_product21_true-unreach-call_false-termination.cil.-O0.smt2,sat
test/sv-benchmarks/product-lines/minepump_spec5_product21_true-unreach-call_false-termination.cil/minepump_spec5_product21_true-unreach-call_false-termination.cil.-O2.smt2,sat
test/sv-benchmarks/product-lines/minepump_spec5_product60_true-unreach-call_false-termination.cil/minepump_spec5_product60_true-unreach-call_false-termination.cil.-O0.smt2,sat
test/sv-benchmarks/product-lines/minepump_spec5_product60_true-unreach-call_false-termination.cil/minepump_spec5_product60_true-unreach-call_false-termination.cil.-O2.smt2,sat
test/sv-benchmarks/product-lines/elevator_spec3_product30_true-unreach-call_true-termination.cil/elevator_spec3_product30_true-unreach-call_true-termination.cil.-O2.smt2,unknown
test/sv-benchmarks/product-lines/elevator_spec3_product30_true-unreach-call_true-termination.cil/elevator_spec3_product30_true-unreach-call_true-termination.cil.-O0.smt2,unknown
test/sv-benchmarks/product-lines/minepump_spec5_product55_true-unreach-call_false-termination.cil/minepump_spec5_product55_true-unreach-call_false-termination.cil.-O2.smt2,sat
test/sv-benchmarks/product-lines/minepump_spec5_product55_true-unreach-call_false-termination.cil/minepump_spec5_product55_true-unreach-call_false-termination.cil.-O0.smt2,sat
test/sv-benchmarks/product-lines/minepump_spec3_product15_false-unreach-call_false-termination.cil/minepump_spec3_product15_false-unreach-call_false-termination.cil.-O0.smt2,unsat
test/sv-benchmarks/product-lines/minepump_spec3_product15_false-unreach-call_false-termination.cil/minepump_spec3_product15_false-unreach-call_false-termination.cil.-O2.smt2,unsat
test/sv-benchmarks/product-lines/minepump_spec4_product54_true-unreach-call_false-termination.cil/minepump_spec4_product54_true-unreach-call_false-termination.cil.-O0.smt2,sat
test/sv-benchmarks/product-lines/minepump_spec4_product54_true-unreach-call_false-termination.cil/minepump_spec4_product54_true-unreach-call_false-termination.cil.-O2.smt2,sat
test/sv-benchmarks/product-lines/elevator_spec14_product27_true-unreach-call_true-termination.cil/elevator_spec14_product27_true-unreach-call_true-termination.cil.-O2.smt2,unknown
test/sv-benchmarks/product-lines/elevator_spec14_product27_true-unreach-call_true-termination.cil/elevator_spec14_product27_true-unreach-call_true-termination.cil.-O0.smt2,unknown
test/sv-benchmarks/product-lines/email_spec8_product26_false-unreach-call_true-termination.cil/email_spec8_product26_false-unreach-call_true-termination.cil.-O2.smt2,unknown
test/sv-benchmarks/product-lines/email_spec8_product26_false-unreach-call_true-termination.cil/email_spec8_product26_false-unreach-call_true-termination.cil.-O0.smt2,unknown
test/sv-benchmarks/product-lines/minepump_spec4_product61_true-unreach-call_false-termination.cil/minepump_spec4_product61_true-unreach-call_false-termination.cil.-O2.smt2,sat
test/sv-benchmarks/product-lines/minepump_spec4_product61_true-unreach-call_false-termination.cil/minepump_spec4_product61_true-unreach-call_false-termination.cil.-O0.smt2,sat
test/sv-benchmarks/product-lines/minepump_spec4_product43_false-unreach-call_false-termination.cil/minepump_spec4_product43_false-unreach-call_false-termination.cil.-O2.smt2,unsat
test/sv-benchmarks/product-lines/minepump_spec4_product43_false-unreach-call_false-termination.cil/minepump_spec4_product43_false-unreach-call_false-termination.cil.-O0.smt2,unsat
test/sv-benchmarks/product-lines/minepump_spec1_product39_false-unreach-call_false-termination.cil/minepump_spec1_product39_false-unreach-call_false-termination.cil.-O2.smt2,unsat
test/sv-benchmarks/product-lines/minepump_spec1_product39_false-unreach-call_false-termination.cil/minepump_spec1_product39_false-unreach-call_false-termination.cil.-O0.smt2,unsat
test/sv-benchmarks/product-lines/minepump_spec1_product01_true-unreach-call_false-termination.cil/minepump_spec1_product01_true-unreach-call_false-termination.cil.-O0.smt2,sat
test/sv-benchmarks/product-lines/minepump_spec1_product01_true-unreach-call_false-termination.cil/minepump_spec1_product01_true-unreach-call_false-termination.cil.-O2.smt2,sat
test/sv-benchmarks/product-lines/minepump_spec4_product20_true-unreach-call_false-termination.cil/minepump_spec4_product20_true-unreach-call_false-termination.cil.-O2.smt2,sat
test/sv-benchmarks/product-lines/minepump_spec4_product20_true-unreach-call_false-termination.cil/minepump_spec4_product20_true-unreach-call_false-termination.cil.-O0.smt2,sat
test/sv-benchmarks/product-lines/minepump_spec4_product15_true-unreach-call_false-termination.cil/minepump_spec4_product15_true-unreach-call_false-termination.cil.-O0.smt2,sat
test/sv-benchmarks/product-lines/minepump_spec4_product15_true-unreach-call_false-termination.cil/minepump_spec4_product15_true-unreach-call_false-termination.cil.-O2.smt2,sat
test/sv-benchmarks/product-lines/elevator_spec9_product31_true-unreach-call_true-termination.cil/elevator_spec9_product31_true-unreach-call_true-termination.cil.-O0.smt2,unknown
test/sv-benchmarks/product-lines/elevator_spec9_product31_true-unreach-call_true-termination.cil/elevator_spec9_product31_true-unreach-call_true-termination.cil.-O2.smt2,unknown
test/sv-benchmarks/product-lines/email_spec7_product25_true-unreach-call_true-termination.cil/email_spec7_product25_true-unreach-call_true-termination.cil.-O2.smt2,sat
test/sv-benchmarks/product-lines/email_spec7_product25_true-unreach-call_true-termination.cil/email_spec7_product25_true-unreach-call_true-termination.cil.-O0.smt2,sat
test/sv-benchmarks/product-lines/minepump_spec3_product42_true-unreach-call_false-termination.cil/minepump_spec3_product42_true-unreach-call_false-termination.cil.-O0.smt2,sat
test/sv-benchmarks/product-lines/minepump_spec3_product42_true-unreach-call_false-termination.cil/minepump_spec3_product42_true-unreach-call_false-termination.cil.-O2.smt2,sat
test/sv-benchmarks/product-lines/minepump_spec3_product28_false-unreach-call_false-termination.cil/minepump_spec3_product28_false-unreach-call_false-termination.cil.-O0.smt2,unsat
test/sv-benchmarks/product-lines/minepump_spec3_product28_false-unreach-call_false-termination.cil/minepump_spec3_product28_false-unreach-call_false-termination.cil.-O2.smt2,unsat
test/sv-benchmarks/product-lines/minepump_spec3_product38_true-unreach-call_false-termination.cil/minepump_spec3_product38_true-unreach-call_false-termination.cil.-O0.smt2,sat
test/sv-benchmarks/product-lines/minepump_spec3_product38_true-unreach-call_false-termination.cil/minepump_spec3_product38_true-unreach-call_false-termination.cil.-O2.smt2,sat
test/sv-benchmarks/product-lines/email_spec27_product25_false-unreach-call_true-termination.cil/email_spec27_product25_false-unreach-call_true-termination.cil.-O0.smt2,unknown
test/sv-benchmarks/product-lines/email_spec27_product25_false-unreach-call_true-termination.cil/email_spec27_product25_false-unreach-call_true-termination.cil.-O2.smt2,unknown
test/sv-benchmarks/product-lines/email_spec4_product28_true-unreach-call_true-termination.cil/email_spec4_product28_true-unreach-call_true-termination.cil.-O0.smt2,unknown
test/sv-benchmarks/product-lines/email_spec4_product28_true-unreach-call_true-termination.cil/email_spec4_product28_true-unreach-call_true-termination.cil.-O2.smt2,sat
test/sv-benchmarks/product-lines/email_spec9_product14_true-unreach-call_true-termination.cil/email_spec9_product14_true-unreach-call_true-termination.cil.-O0.smt2,unknown
test/sv-benchmarks/product-lines/email_spec9_product14_true-unreach-call_true-termination.cil/email_spec9_product14_true-unreach-call_true-termination.cil.-O2.smt2,unknown
test/sv-benchmarks/product-lines/minepump_spec2_product39_true-unreach-call_false-termination.cil/minepump_spec2_product39_true-unreach-call_false-termination.cil.-O2.smt2,sat
test/sv-benchmarks/product-lines/minepump_spec2_product39_true-unreach-call_false-termination.cil/minepump_spec2_product39_true-unreach-call_false-termination.cil.-O0.smt2,sat
test/sv-benchmarks/product-lines/minepump_spec2_product37_true-unreach-call_false-termination.cil/minepump_spec2_product37_true-unreach-call_false-termination.cil.-O0.smt2,sat
test/sv-benchmarks/product-lines/minepump_spec2_product37_true-unreach-call_false-termination.cil/minepump_spec2_product37_true-unreach-call_false-termination.cil.-O2.smt2,sat
test/sv-benchmarks/product-lines/minepump_spec2_product02_true-unreach-call_false-termination.cil/minepump_spec2_product02_true-unreach-call_false-termination.cil.-O2.smt2,sat
test/sv-benchmarks/product-lines/minepump_spec2_product02_true-unreach-call_false-termination.cil/minepump_spec2_product02_true-unreach-call_false-termination.cil.-O0.smt2,sat
test/sv-benchmarks/product-lines/minepump_spec1_product51_false-unreach-call_false-termination.cil/minepump_spec1_product51_false-unreach-call_false-termination.cil.-O2.smt2,unsat
test/sv-benchmarks/product-lines/minepump_spec1_product51_false-unreach-call_false-termination.cil/minepump_spec1_product51_false-unreach-call_false-termination.cil.-O0.smt2,unsat
test/sv-benchmarks/product-lines/email_spec4_product19_false-unreach-call_true-termination.cil/email_spec4_product19_false-unreach-call_true-termination.cil.-O2.smt2,unsat
test/sv-benchmarks/product-lines/email_spec4_product19_false-unreach-call_true-termination.cil/email_spec4_product19_false-unreach-call_true-termination.cil.-O0.smt2,unknown
test/sv-benchmarks/product-lines/email_spec11_product40_true-unreach-call_true-termination.cil/email_spec11_product40_true-unreach-call_true-termination.cil.-O0.smt2,sat
test/sv-benchmarks/product-lines/email_spec11_product40_true-unreach-call_true-termination.cil/email_spec11_product40_true-unreach-call_true-termination.cil.-O2.smt2,sat
test/sv-benchmarks/product-lines/minepump_spec2_product35_false-unreach-call_false-termination.cil/minepump_spec2_product35_false-unreach-call_false-termination.cil.-O2.smt2,unsat
test/sv-benchmarks/product-lines/minepump_spec2_product35_false-unreach-call_false-termination.cil/minepump_spec2_product35_false-unreach-call_false-termination.cil.-O0.smt2,unsat
test/sv-benchmarks/product-lines/minepump_spec4_product37_false-unreach-call_false-termination.cil/minepump_spec4_product37_false-unreach-call_false-termination.cil.-O0.smt2,unsat
test/sv-benchmarks/product-lines/minepump_spec4_product37_false-unreach-call_false-termination.cil/minepump_spec4_product37_false-unreach-call_false-termination.cil.-O2.smt2,unsat
test/sv-benchmarks/product-lines/minepump_spec3_product20_false-unreach-call_false-termination.cil/minepump_spec3_product20_false-unreach-call_false-termination.cil.-O2.smt2,unsat
test/sv-benchmarks/product-lines/minepump_spec3_product20_false-unreach-call_false-termination.cil/minepump_spec3_product20_false-unreach-call_false-termination.cil.-O0.smt2,unsat
test/sv-benchmarks/product-lines/email_spec11_product33_false-unreach-call_true-termination.cil/email_spec11_product33_false-unreach-call_true-termination.cil.-O0.smt2,unknown
test/sv-benchmarks/product-lines/email_spec11_product33_false-unreach-call_true-termination.cil/email_spec11_product33_false-unreach-call_true-termination.cil.-O2.smt2,unsat
test/sv-benchmarks/product-lines/elevator_spec9_product26_false-unreach-call_true-termination.cil/elevator_spec9_product26_false-unreach-call_true-termination.cil.-O2.smt2,unknown
test/sv-benchmarks/product-lines/elevator_spec9_product26_false-unreach-call_true-termination.cil/elevator_spec9_product26_false-unreach-call_true-termination.cil.-O0.smt2,unknown
test/sv-benchmarks/product-lines/elevator_spec9_product28_false-unreach-call_true-termination.cil/elevator_spec9_product28_false-unreach-call_true-termination.cil.-O0.smt2,unknown
test/sv-benchmarks/product-lines/elevator_spec9_product28_false-unreach-call_true-termination.cil/elevator_spec9_product28_false-unreach-call_true-termination.cil.-O2.smt2,unknown
test/sv-benchmarks/product-lines/elevator_spec9_product11_true-unreach-call_true-termination.cil/elevator_spec9_product11_true-unreach-call_true-termination.cil.-O0.smt2,unknown
test/sv-benchmarks/product-lines/elevator_spec9_product11_true-unreach-call_true-termination.cil/elevator_spec9_product11_true-unreach-call_true-termination.cil.-O2.smt2,unknown
test/sv-benchmarks/product-lines/minepump_spec3_product34_true-unreach-call_false-termination.cil/minepump_spec3_product34_true-unreach-call_false-termination.cil.-O2.smt2,sat
test/sv-benchmarks/product-lines/minepump_spec3_product34_true-unreach-call_false-termination.cil/minepump_spec3_product34_true-unreach-call_false-termination.cil.-O0.smt2,sat
test/sv-benchmarks/product-lines/email_spec27_product29_false-unreach-call_true-termination.cil/email_spec27_product29_false-unreach-call_true-termination.cil.-O2.smt2,unknown
test/sv-benchmarks/product-lines/email_spec27_product29_false-unreach-call_true-termination.cil/email_spec27_product29_false-unreach-call_true-termination.cil.-O0.smt2,unknown
test/sv-benchmarks/product-lines/email_spec0_product35_false-unreach-call_true-termination.cil/email_spec0_product35_false-unreach-call_true-termination.cil.-O0.smt2,unknown
test/sv-benchmarks/product-lines/email_spec0_product35_false-unreach-call_true-termination.cil/email_spec0_product35_false-unreach-call_true-termination.cil.-O2.smt2,unknown
test/sv-benchmarks/product-lines/email_spec27_product27_false-unreach-call_true-termination.cil/email_spec27_product27_false-unreach-call_true-termination.cil.-O0.smt2,unknown
test/sv-benchmarks/product-lines/email_spec27_product27_false-unreach-call_true-termination.cil/email_spec27_product27_false-unreach-call_true-termination.cil.-O2.smt2,unknown
test/sv-benchmarks/product-lines/minepump_spec3_product09_false-unreach-call_false-termination.cil/minepump_spec3_product09_false-unreach-call_false-termination.cil.-O2.smt2,unsat
test/sv-benchmarks/product-lines/minepump_spec3_product09_false-unreach-call_false-termination.cil/minepump_spec3_product09_false-unreach-call_false-termination.cil.-O0.smt2,unsat
test/sv-benchmarks/product-lines/minepump_spec4_product63_true-unreach-call_false-termination.cil/minepump_spec4_product63_true-unreach-call_false-termination.cil.-O2.smt2,sat
test/sv-benchmarks/product-lines/minepump_spec4_product63_true-unreach-call_false-termination.cil/minepump_spec4_product63_true-unreach-call_false-termination.cil.-O0.smt2,sat
test/sv-benchmarks/product-lines/email_spec0_product38_true-unreach-call_true-termination.cil/email_spec0_product38_true-unreach-call_true-termination.cil.-O0.smt2,sat
test/sv-benchmarks/product-lines/email_spec0_product38_true-unreach-call_true-termination.cil/email_spec0_product38_true-unreach-call_true-termination.cil.-O2.smt2,sat
test/sv-benchmarks/product-lines/minepump_spec4_product56_true-unreach-call_false-termination.cil/minepump_spec4_product56_true-unreach-call_false-termination.cil.-O0.smt2,sat
test/sv-benchmarks/product-lines/minepump_spec4_product56_true-unreach-call_false-termination.cil/minepump_spec4_product56_true-unreach-call_false-termination.cil.-O2.smt2,sat
test/sv-benchmarks/product-lines/email_spec9_product12_true-unreach-call_true-termination.cil/email_spec9_product12_true-unreach-call_true-termination.cil.-O0.smt2,unknown
test/sv-benchmarks/product-lines/email_spec9_product12_true-unreach-call_true-termination.cil/email_spec9_product12_true-unreach-call_true-termination.cil.-O2.smt2,sat
test/sv-benchmarks/product-lines/minepump_spec4_product58_true-unreach-call_false-termination.cil/minepump_spec4_product58_true-unreach-call_false-termination.cil.-O2.smt2,sat
test/sv-benchmarks/product-lines/minepump_spec4_product58_true-unreach-call_false-termination.cil/minepump_spec4_product58_true-unreach-call_false-termination.cil.-O0.smt2,sat
test/sv-benchmarks/product-lines/minepump_spec3_product48_false-unreach-call_false-termination.cil/minepump_spec3_product48_false-unreach-call_false-termination.cil.-O2.smt2,unsat
test/sv-benchmarks/product-lines/minepump_spec3_product48_false-unreach-call_false-termination.cil/minepump_spec3_product48_false-unreach-call_false-termination.cil.-O0.smt2,unsat
test/sv-benchmarks/product-lines/minepump_spec2_product41_false-unreach-call_false-termination.cil/minepump_spec2_product41_false-unreach-call_false-termination.cil.-O0.smt2,unsat
test/sv-benchmarks/product-lines/minepump_spec2_product41_false-unreach-call_false-termination.cil/minepump_spec2_product41_false-unreach-call_false-termination.cil.-O2.smt2,unsat
test/sv-benchmarks/product-lines/minepump_spec4_product17_true-unreach-call_false-termination.cil/minepump_spec4_product17_true-unreach-call_false-termination.cil.-O0.smt2,sat
test/sv-benchmarks/product-lines/minepump_spec4_product17_true-unreach-call_false-termination.cil/minepump_spec4_product17_true-unreach-call_false-termination.cil.-O2.smt2,sat
test/sv-benchmarks/product-lines/minepump_spec4_product22_true-unreach-call_false-termination.cil/minepump_spec4_product22_true-unreach-call_false-termination.cil.-O2.smt2,sat
test/sv-benchmarks/product-lines/minepump_spec4_product22_true-unreach-call_false-termination.cil/minepump_spec4_product22_true-unreach-call_false-termination.cil.-O0.smt2,sat
test/sv-benchmarks/product-lines/email_spec7_productSimulator_false-unreach-call_true-termination.cil/email_spec7_productSimulator_false-unreach-call_true-termination.cil.-O2.smt2,unknown
test/sv-benchmarks/product-lines/email_spec7_productSimulator_false-unreach-call_true-termination.cil/email_spec7_productSimulator_false-unreach-call_true-termination.cil.-O0.smt2,unknown
test/sv-benchmarks/product-lines/email_spec8_product29_true-unreach-call_true-termination.cil/email_spec8_product29_true-unreach-call_true-termination.cil.-O0.smt2,unknown
test/sv-benchmarks/product-lines/email_spec8_product29_true-unreach-call_true-termination.cil/email_spec8_product29_true-unreach-call_true-termination.cil.-O2.smt2,unknown
test/sv-benchmarks/product-lines/minepump_spec1_product03_true-unreach-call_false-termination.cil/minepump_spec1_product03_true-unreach-call_false-termination.cil.-O0.smt2,sat
test/sv-benchmarks/product-lines/minepump_spec1_product03_true-unreach-call_false-termination.cil/minepump_spec1_product03_true-unreach-call_false-termination.cil.-O2.smt2,sat
test/sv-benchmarks/product-lines/minepump_spec4_product19_true-unreach-call_false-termination.cil/minepump_spec4_product19_true-unreach-call_false-termination.cil.-O2.smt2,sat
test/sv-benchmarks/product-lines/minepump_spec4_product19_true-unreach-call_false-termination.cil/minepump_spec4_product19_true-unreach-call_false-termination.cil.-O0.smt2,sat
test/sv-benchmarks/product-lines/minepump_spec5_product23_true-unreach-call_false-termination.cil/minepump_spec5_product23_true-unreach-call_false-termination.cil.-O0.smt2,sat
test/sv-benchmarks/product-lines/minepump_spec5_product23_true-unreach-call_false-termination.cil/minepump_spec5_product23_true-unreach-call_false-termination.cil.-O2.smt2,sat
test/sv-benchmarks/product-lines/email_spec6_product22_false-unreach-call_true-termination.cil/email_spec6_product22_false-unreach-call_true-termination.cil.-O2.smt2,unsat
test/sv-benchmarks/product-lines/email_spec6_product22_false-unreach-call_true-termination.cil/email_spec6_product22_false-unreach-call_true-termination.cil.-O0.smt2,unknown
test/sv-benchmarks/product-lines/minepump_spec5_product16_true-unreach-call_false-termination.cil/minepump_spec5_product16_true-unreach-call_false-termination.cil.-O2.smt2,sat
test/sv-benchmarks/product-lines/minepump_spec5_product16_true-unreach-call_false-termination.cil/minepump_spec5_product16_true-unreach-call_false-termination.cil.-O0.smt2,sat
test/sv-benchmarks/product-lines/minepump_spec5_product18_true-unreach-call_false-termination.cil/minepump_spec5_product18_true-unreach-call_false-termination.cil.-O0.smt2,sat
test/sv-benchmarks/product-lines/minepump_spec5_product18_true-unreach-call_false-termination.cil/minepump_spec5_product18_true-unreach-call_false-termination.cil.-O2.smt2,sat
test/sv-benchmarks/product-lines/email_spec7_product23_true-unreach-call_true-termination.cil/email_spec7_product23_true-unreach-call_true-termination.cil.-O2.smt2,sat
test/sv-benchmarks/product-lines/email_spec7_product23_true-unreach-call_true-termination.cil/email_spec7_product23_true-unreach-call_true-termination.cil.-O0.smt2,sat
test/sv-benchmarks/product-lines/minepump_spec5_product57_true-unreach-call_false-termination.cil/minepump_spec5_product57_true-unreach-call_false-termination.cil.-O2.smt2,sat
test/sv-benchmarks/product-lines/minepump_spec5_product57_true-unreach-call_false-termination.cil/minepump_spec5_product57_true-unreach-call_false-termination.cil.-O0.smt2,sat
test/sv-benchmarks/product-lines/minepump_spec5_product62_true-unreach-call_false-termination.cil/minepump_spec5_product62_true-unreach-call_false-termination.cil.-O0.smt2,sat
test/sv-benchmarks/product-lines/minepump_spec5_product62_true-unreach-call_false-termination.cil/minepump_spec5_product62_true-unreach-call_false-termination.cil.-O2.smt2,sat
test/sv-benchmarks/product-lines/minepump_spec5_product59_true-unreach-call_false-termination.cil/minepump_spec5_product59_true-unreach-call_false-termination.cil.-O0.smt2,sat
test/sv-benchmarks/product-lines/minepump_spec5_product59_true-unreach-call_false-termination.cil/minepump_spec5_product59_true-unreach-call_false-termination.cil.-O2.smt2,sat
test/sv-benchmarks/product-lines/minepump_spec3_product19_false-unreach-call_false-termination.cil/minepump_spec3_product19_false-unreach-call_false-termination.cil.-O0.smt2,unsat
test/sv-benchmarks/product-lines/minepump_spec3_product19_false-unreach-call_false-termination.cil/minepump_spec3_product19_false-unreach-call_false-termination.cil.-O2.smt2,unsat
test/sv-benchmarks/product-lines/minepump_spec5_product63_true-unreach-call_false-termination.cil/minepump_spec5_product63_true-unreach-call_false-termination.cil.-O2.smt2,sat
test/sv-benchmarks/product-lines/minepump_spec5_product63_true-unreach-call_false-termination.cil/minepump_spec5_product63_true-unreach-call_false-termination.cil.-O0.smt2,sat
test/sv-benchmarks/product-lines/minepump_spec5_product56_true-unreach-call_false-termination.cil/minepump_spec5_product56_true-unreach-call_false-termination.cil.-O0.smt2,sat
test/sv-benchmarks/product-lines/minepump_spec5_product56_true-unreach-call_false-termination.cil/minepump_spec5_product56_true-unreach-call_false-termination.cil.-O2.smt2,sat
test/sv-benchmarks/product-lines/minepump_spec5_product58_true-unreach-call_false-termination.cil/minepump_spec5_product58_true-unreach-call_false-termination.cil.-O2.smt2,sat
test/sv-benchmarks/product-lines/minepump_spec5_product58_true-unreach-call_false-termination.cil/minepump_spec5_product58_true-unreach-call_false-termination.cil.-O0.smt2,sat
test/sv-benchmarks/product-lines/elevator_spec9_product27_true-unreach-call_true-termination.cil/elevator_spec9_product27_true-unreach-call_true-termination.cil.-O2.smt2,unknown
test/sv-benchmarks/product-lines/elevator_spec9_product27_true-unreach-call_true-termination.cil/elevator_spec9_product27_true-unreach-call_true-termination.cil.-O0.smt2,unknown
test/sv-benchmarks/product-lines/minepump_spec5_product17_true-unreach-call_false-termination.cil/minepump_spec5_product17_true-unreach-call_false-termination.cil.-O0.smt2,sat
test/sv-benchmarks/product-lines/minepump_spec5_product17_true-unreach-call_false-termination.cil/minepump_spec5_product17_true-unreach-call_false-termination.cil.-O2.smt2,sat
test/sv-benchmarks/product-lines/minepump_spec5_product22_true-unreach-call_false-termination.cil/minepump_spec5_product22_true-unreach-call_false-termination.cil.-O2.smt2,sat
test/sv-benchmarks/product-lines/minepump_spec5_product22_true-unreach-call_false-termination.cil/minepump_spec5_product22_true-unreach-call_false-termination.cil.-O0.smt2,sat
test/sv-benchmarks/product-lines/minepump_spec1_product35_false-unreach-call_false-termination.cil/minepump_spec1_product35_false-unreach-call_false-termination.cil.-O2.smt2,unsat
test/sv-benchmarks/product-lines/minepump_spec1_product35_false-unreach-call_false-termination.cil/minepump_spec1_product35_false-unreach-call_false-termination.cil.-O0.smt2,unsat
test/sv-benchmarks/product-lines/email_spec6_product16_false-unreach-call_true-termination.cil/email_spec6_product16_false-unreach-call_true-termination.cil.-O2.smt2,unsat
test/sv-benchmarks/product-lines/email_spec6_product16_false-unreach-call_true-termination.cil/email_spec6_product16_false-unreach-call_true-termination.cil.-O0.smt2,unknown
test/sv-benchmarks/product-lines/minepump_spec5_product19_true-unreach-call_false-termination.cil/minepump_spec5_product19_true-unreach-call_false-termination.cil.-O2.smt2,sat
test/sv-benchmarks/product-lines/minepump_spec5_product19_true-unreach-call_false-termination.cil/minepump_spec5_product19_true-unreach-call_false-termination.cil.-O0.smt2,sat
test/sv-benchmarks/product-lines/minepump_spec4_product23_true-unreach-call_false-termination.cil/minepump_spec4_product23_true-unreach-call_false-termination.cil.-O0.smt2,sat
test/sv-benchmarks/product-lines/minepump_spec4_product23_true-unreach-call_false-termination.cil/minepump_spec4_product23_true-unreach-call_false-termination.cil.-O2.smt2,sat
test/sv-benchmarks/product-lines/minepump_spec4_product16_true-unreach-call_false-termination.cil/minepump_spec4_product16_true-unreach-call_false-termination.cil.-O2.smt2,sat
test/sv-benchmarks/product-lines/minepump_spec4_product16_true-unreach-call_false-termination.cil/minepump_spec4_product16_true-unreach-call_false-termination.cil.-O0.smt2,sat
test/sv-benchmarks/product-lines/minepump_spec4_product18_true-unreach-call_false-termination.cil/minepump_spec4_product18_true-unreach-call_false-termination.cil.-O0.smt2,sat
test/sv-benchmarks/product-lines/minepump_spec4_product18_true-unreach-call_false-termination.cil/minepump_spec4_product18_true-unreach-call_false-termination.cil.-O2.smt2,sat
test/sv-benchmarks/product-lines/minepump_spec1_product02_true-unreach-call_false-termination.cil/minepump_spec1_product02_true-unreach-call_false-termination.cil.-O2.smt2,sat
test/sv-benchmarks/product-lines/minepump_spec1_product02_true-unreach-call_false-termination.cil/minepump_spec1_product02_true-unreach-call_false-termination.cil.-O0.smt2,sat
test/sv-benchmarks/product-lines/elevator_spec1_product25_true-unreach-call_true-termination.cil/elevator_spec1_product25_true-unreach-call_true-termination.cil.-O0.smt2,unsat
test/sv-benchmarks/product-lines/elevator_spec1_product25_true-unreach-call_true-termination.cil/elevator_spec1_product25_true-unreach-call_true-termination.cil.-O2.smt2,unknown
test/sv-benchmarks/product-lines/minepump_spec4_product57_true-unreach-call_false-termination.cil/minepump_spec4_product57_true-unreach-call_false-termination.cil.-O2.smt2,sat
test/sv-benchmarks/product-lines/minepump_spec4_product57_true-unreach-call_false-termination.cil/minepump_spec4_product57_true-unreach-call_false-termination.cil.-O0.smt2,sat
test/sv-benchmarks/product-lines/minepump_spec4_product62_true-unreach-call_false-termination.cil/minepump_spec4_product62_true-unreach-call_false-termination.cil.-O0.smt2,sat
test/sv-benchmarks/product-lines/minepump_spec4_product62_true-unreach-call_false-termination.cil/minepump_spec4_product62_true-unreach-call_false-termination.cil.-O2.smt2,sat
test/sv-benchmarks/product-lines/minepump_spec4_product59_true-unreach-call_false-termination.cil/minepump_spec4_product59_true-unreach-call_false-termination.cil.-O0.smt2,sat
test/sv-benchmarks/product-lines/minepump_spec4_product59_true-unreach-call_false-termination.cil/minepump_spec4_product59_true-unreach-call_false-termination.cil.-O2.smt2,sat
test/sv-benchmarks/product-lines/email_spec0_product34_false-unreach-call_true-termination.cil/email_spec0_product34_false-unreach-call_true-termination.cil.-O2.smt2,unsat
test/sv-benchmarks/product-lines/email_spec0_product34_false-unreach-call_true-termination.cil/email_spec0_product34_false-unreach-call_true-termination.cil.-O0.smt2,unknown
test/sv-benchmarks/product-lines/elevator_spec3_product26_true-unreach-call_true-termination.cil/elevator_spec3_product26_true-unreach-call_true-termination.cil.-O0.smt2,unknown
test/sv-benchmarks/product-lines/elevator_spec3_product26_true-unreach-call_true-termination.cil/elevator_spec3_product26_true-unreach-call_true-termination.cil.-O2.smt2,unknown
test/sv-benchmarks/product-lines/minepump_spec3_product41_true-unreach-call_false-termination.cil/minepump_spec3_product41_true-unreach-call_false-termination.cil.-O2.smt2,sat
test/sv-benchmarks/product-lines/minepump_spec3_product41_true-unreach-call_false-termination.cil/minepump_spec3_product41_true-unreach-call_false-termination.cil.-O0.smt2,sat
test/sv-benchmarks/product-lines/minepump_spec2_product40_true-unreach-call_false-termination.cil/minepump_spec2_product40_true-unreach-call_false-termination.cil.-O0.smt2,sat
test/sv-benchmarks/product-lines/minepump_spec2_product40_true-unreach-call_false-termination.cil/minepump_spec2_product40_true-unreach-call_false-termination.cil.-O2.smt2,sat
test/sv-benchmarks/product-lines/email_spec11_product32_false-unreach-call_true-termination.cil/email_spec11_product32_false-unreach-call_true-termination.cil.-O2.smt2,unsat
test/sv-benchmarks/product-lines/email_spec11_product32_false-unreach-call_true-termination.cil/email_spec11_product32_false-unreach-call_true-termination.cil.-O0.smt2,unknown
test/sv-benchmarks/product-lines/elevator_spec1_product03_true-unreach-call_true-termination.cil/elevator_spec1_product03_true-unreach-call_true-termination.cil.-O0.smt2,unknown
test/sv-benchmarks/product-lines/elevator_spec1_product03_true-unreach-call_true-termination.cil/elevator_spec1_product03_true-unreach-call_true-termination.cil.-O2.smt2,unknown
test/sv-benchmarks/product-lines/minepump_spec4_product33_false-unreach-call_false-termination.cil/minepump_spec4_product33_false-unreach-call_false-termination.cil.-O2.smt2,unsat
test/sv-benchmarks/product-lines/minepump_spec4_product33_false-unreach-call_false-termination.cil/minepump_spec4_product33_false-unreach-call_false-termination.cil.-O0.smt2,unsat
test/sv-benchmarks/product-lines/minepump_spec1_product49_false-unreach-call_false-termination.cil/minepump_spec1_product49_false-unreach-call_false-termination.cil.-O2.smt2,unsat
test/sv-benchmarks/product-lines/minepump_spec1_product49_false-unreach-call_false-termination.cil/minepump_spec1_product49_false-unreach-call_false-termination.cil.-O0.smt2,unsat
test/sv-benchmarks/product-lines/minepump_spec2_product01_true-unreach-call_false-termination.cil/minepump_spec2_product01_true-unreach-call_false-termination.cil.-O0.smt2,sat
test/sv-benchmarks/product-lines/minepump_spec2_product01_true-unreach-call_false-termination.cil/minepump_spec2_product01_true-unreach-call_false-termination.cil.-O2.smt2,sat
test/sv-benchmarks/product-lines/elevator_spec14_product31_true-unreach-call_true-termination.cil/elevator_spec14_product31_true-unreach-call_true-termination.cil.-O0.smt2,unknown
test/sv-benchmarks/product-lines/elevator_spec14_product31_true-unreach-call_true-termination.cil/elevator_spec14_product31_true-unreach-call_true-termination.cil.-O2.smt2,unknown
test/sv-benchmarks/product-lines/minepump_spec1_product21_true-unreach-call_false-termination.cil/minepump_spec1_product21_true-unreach-call_false-termination.cil.-O0.smt2,sat
test/sv-benchmarks/product-lines/minepump_spec1_product21_true-unreach-call_false-termination.cil/minepump_spec1_product21_true-unreach-call_false-termination.cil.-O2.smt2,sat
test/sv-benchmarks/product-lines/minepump_spec4_product41_false-unreach-call_false-termination.cil/minepump_spec4_product41_false-unreach-call_false-termination.cil.-O2.smt2,unsat
test/sv-benchmarks/product-lines/minepump_spec4_product41_false-unreach-call_false-termination.cil/minepump_spec4_product41_false-unreach-call_false-termination.cil.-O0.smt2,unsat
test/sv-benchmarks/product-lines/minepump_spec1_product14_true-unreach-call_false-termination.cil/minepump_spec1_product14_true-unreach-call_false-termination.cil.-O2.smt2,sat
test/sv-benchmarks/product-lines/minepump_spec1_product14_true-unreach-call_false-termination.cil/minepump_spec1_product14_true-unreach-call_false-termination.cil.-O0.smt2,sat
test/sv-benchmarks/product-lines/elevator_spec2_product29_true-unreach-call_true-termination.cil/elevator_spec2_product29_true-unreach-call_true-termination.cil.-O2.smt2,unknown
test/sv-benchmarks/product-lines/elevator_spec2_product29_true-unreach-call_true-termination.cil/elevator_spec2_product29_true-unreach-call_true-termination.cil.-O0.smt2,unknown
test/sv-benchmarks/product-lines/elevator_spec1_product20_false-unreach-call_true-termination.cil/elevator_spec1_product20_false-unreach-call_true-termination.cil.-O2.smt2,unknown
test/sv-benchmarks/product-lines/elevator_spec1_product20_false-unreach-call_true-termination.cil/elevator_spec1_product20_false-unreach-call_true-termination.cil.-O0.smt2,unknown
test/sv-benchmarks/product-lines/email_spec0_product40_true-unreach-call_true-termination.cil/email_spec0_product40_true-unreach-call_true-termination.cil.-O0.smt2,sat
test/sv-benchmarks/product-lines/email_spec0_product40_true-unreach-call_true-termination.cil/email_spec0_product40_true-unreach-call_true-termination.cil.-O2.smt2,sat
test/sv-benchmarks/product-lines/email_spec7_product34_false-unreach-call_true-termination.cil/email_spec7_product34_false-unreach-call_true-termination.cil.-O2.smt2,unsat
test/sv-benchmarks/product-lines/email_spec7_product34_false-unreach-call_true-termination.cil/email_spec7_product34_false-unreach-call_true-termination.cil.-O0.smt2,unknown
test/sv-benchmarks/product-lines/minepump_spec3_product17_false-unreach-call_false-termination.cil/minepump_spec3_product17_false-unreach-call_false-termination.cil.-O0.smt2,unsat
test/sv-benchmarks/product-lines/minepump_spec3_product17_false-unreach-call_false-termination.cil/minepump_spec3_product17_false-unreach-call_false-termination.cil.-O2.smt2,unsat
test/sv-benchmarks/product-lines/minepump_spec1_product60_true-unreach-call_false-termination.cil/minepump_spec1_product60_true-unreach-call_false-termination.cil.-O0.smt2,sat
test/sv-benchmarks/product-lines/minepump_spec1_product60_true-unreach-call_false-termination.cil/minepump_spec1_product60_true-unreach-call_false-termination.cil.-O2.smt2,sat
test/sv-benchmarks/product-lines/elevator_spec13_product22_true-unreach-call_false-termination.cil/elevator_spec13_product22_true-unreach-call_false-termination.cil.-O2.smt2,unknown
test/sv-benchmarks/product-lines/elevator_spec13_product22_true-unreach-call_false-termination.cil/elevator_spec13_product22_true-unreach-call_false-termination.cil.-O0.smt2,unknown
test/sv-benchmarks/product-lines/minepump_spec3_product56_false-unreach-call_false-termination.cil/minepump_spec3_product56_false-unreach-call_false-termination.cil.-O0.smt2,unsat
test/sv-benchmarks/product-lines/minepump_spec3_product56_false-unreach-call_false-termination.cil/minepump_spec3_product56_false-unreach-call_false-termination.cil.-O2.smt2,unsat
test/sv-benchmarks/product-lines/email_spec8_product33_false-unreach-call_true-termination.cil/email_spec8_product33_false-unreach-call_true-termination.cil.-O0.smt2,unknown
test/sv-benchmarks/product-lines/email_spec8_product33_false-unreach-call_true-termination.cil/email_spec8_product33_false-unreach-call_true-termination.cil.-O2.smt2,unknown
test/sv-benchmarks/product-lines/email_spec9_product32_false-unreach-call_true-termination.cil/email_spec9_product32_false-unreach-call_true-termination.cil.-O2.smt2,unknown
test/sv-benchmarks/product-lines/email_spec9_product32_false-unreach-call_true-termination.cil/email_spec9_product32_false-unreach-call_true-termination.cil.-O0.smt2,unknown
test/sv-benchmarks/product-lines/minepump_spec5_product40_true-unreach-call_false-termination.cil/minepump_spec5_product40_true-unreach-call_false-termination.cil.-O0.smt2,sat
test/sv-benchmarks/product-lines/minepump_spec5_product40_true-unreach-call_false-termination.cil/minepump_spec5_product40_true-unreach-call_false-termination.cil.-O2.smt2,sat
test/sv-benchmarks/product-lines/minepump_spec3_product03_false-unreach-call_false-termination.cil/minepump_spec3_product03_false-unreach-call_false-termination.cil.-O0.smt2,unsat
test/sv-benchmarks/product-lines/minepump_spec3_product03_false-unreach-call_false-termination.cil/minepump_spec3_product03_false-unreach-call_false-termination.cil.-O2.smt2,unsat
test/sv-benchmarks/product-lines/minepump_spec5_product01_true-unreach-call_false-termination.cil/minepump_spec5_product01_true-unreach-call_false-termination.cil.-O0.smt2,sat
test/sv-benchmarks/product-lines/minepump_spec5_product01_true-unreach-call_false-termination.cil/minepump_spec5_product01_true-unreach-call_false-termination.cil.-O2.smt2,sat
test/sv-benchmarks/product-lines/email_spec6_product35_false-unreach-call_true-termination.cil/email_spec6_product35_false-unreach-call_true-termination.cil.-O0.smt2,unknown
test/sv-benchmarks/product-lines/email_spec6_product35_false-unreach-call_true-termination.cil/email_spec6_product35_false-unreach-call_true-termination.cil.-O2.smt2,unsat
test/sv-benchmarks/product-lines/minepump_spec5_product34_true-unreach-call_false-termination.cil/minepump_spec5_product34_true-unreach-call_false-termination.cil.-O2.smt2,sat
test/sv-benchmarks/product-lines/minepump_spec5_product34_true-unreach-call_false-termination.cil/minepump_spec5_product34_true-unreach-call_false-termination.cil.-O0.smt2,sat
test/sv-benchmarks/product-lines/minepump_spec2_product58_true-unreach-call_false-termination.cil/minepump_spec2_product58_true-unreach-call_false-termination.cil.-O2.smt2,sat
test/sv-benchmarks/product-lines/minepump_spec2_product58_true-unreach-call_false-termination.cil/minepump_spec2_product58_true-unreach-call_false-termination.cil.-O0.smt2,sat
test/sv-benchmarks/product-lines/minepump_spec2_product56_true-unreach-call_false-termination.cil/minepump_spec2_product56_true-unreach-call_false-termination.cil.-O0.smt2,sat
test/sv-benchmarks/product-lines/minepump_spec2_product56_true-unreach-call_false-termination.cil/minepump_spec2_product56_true-unreach-call_false-termination.cil.-O2.smt2,sat
test/sv-benchmarks/product-lines/minepump_spec2_product63_true-unreach-call_false-termination.cil/minepump_spec2_product63_true-unreach-call_false-termination.cil.-O2.smt2,sat
test/sv-benchmarks/product-lines/minepump_spec2_product63_true-unreach-call_false-termination.cil/minepump_spec2_product63_true-unreach-call_false-termination.cil.-O0.smt2,sat
test/sv-benchmarks/product-lines/minepump_spec2_product19_true-unreach-call_false-termination.cil/minepump_spec2_product19_true-unreach-call_false-termination.cil.-O2.smt2,sat
test/sv-benchmarks/product-lines/minepump_spec2_product19_true-unreach-call_false-termination.cil/minepump_spec2_product19_true-unreach-call_false-termination.cil.-O0.smt2,sat
test/sv-benchmarks/product-lines/email_spec11_product18_true-unreach-call_true-termination.cil/email_spec11_product18_true-unreach-call_true-termination.cil.-O0.smt2,sat
test/sv-benchmarks/product-lines/email_spec11_product18_true-unreach-call_true-termination.cil/email_spec11_product18_true-unreach-call_true-termination.cil.-O2.smt2,sat
test/sv-benchmarks/product-lines/minepump_spec1_product53_false-unreach-call_false-termination.cil/minepump_spec1_product53_false-unreach-call_false-termination.cil.-O2.smt2,unsat
test/sv-benchmarks/product-lines/minepump_spec1_product53_false-unreach-call_false-termination.cil/minepump_spec1_product53_false-unreach-call_false-termination.cil.-O0.smt2,unsat
test/sv-benchmarks/product-lines/minepump_spec2_product22_true-unreach-call_false-termination.cil/minepump_spec2_product22_true-unreach-call_false-termination.cil.-O2.smt2,sat
test/sv-benchmarks/product-lines/minepump_spec2_product22_true-unreach-call_false-termination.cil/minepump_spec2_product22_true-unreach-call_false-termination.cil.-O0.smt2,sat
test/sv-benchmarks/product-lines/minepump_spec2_product17_true-unreach-call_false-termination.cil/minepump_spec2_product17_true-unreach-call_false-termination.cil.-O0.smt2,sat
test/sv-benchmarks/product-lines/minepump_spec2_product17_true-unreach-call_false-termination.cil/minepump_spec2_product17_true-unreach-call_false-termination.cil.-O2.smt2,sat
test/sv-benchmarks/product-lines/elevator_spec2_product18_false-unreach-call_true-termination.cil/elevator_spec2_product18_false-unreach-call_true-termination.cil.-O0.smt2,unknown
test/sv-benchmarks/product-lines/elevator_spec2_product18_false-unreach-call_true-termination.cil/elevator_spec2_product18_false-unreach-call_true-termination.cil.-O2.smt2,unknown
test/sv-benchmarks/product-lines/email_spec27_product30_false-unreach-call_true-termination.cil/email_spec27_product30_false-unreach-call_true-termination.cil.-O2.smt2,unknown
test/sv-benchmarks/product-lines/email_spec27_product30_false-unreach-call_true-termination.cil/email_spec27_product30_false-unreach-call_true-termination.cil.-O0.smt2,unknown
test/sv-benchmarks/product-lines/email_spec0_product22_false-unreach-call_true-termination.cil/email_spec0_product22_false-unreach-call_true-termination.cil.-O2.smt2,unsat
test/sv-benchmarks/product-lines/email_spec0_product22_false-unreach-call_true-termination.cil/email_spec0_product22_false-unreach-call_true-termination.cil.-O0.smt2,unknown
test/sv-benchmarks/product-lines/elevator_spec14_product23_true-unreach-call_true-termination.cil/elevator_spec14_product23_true-unreach-call_true-termination.cil.-O2.smt2,unknown
test/sv-benchmarks/product-lines/elevator_spec14_product23_true-unreach-call_true-termination.cil/elevator_spec14_product23_true-unreach-call_true-termination.cil.-O0.smt2,unknown
test/sv-benchmarks/product-lines/elevator_spec1_product11_true-unreach-call_true-termination.cil/elevator_spec1_product11_true-unreach-call_true-termination.cil.-O2.smt2,unknown
test/sv-benchmarks/product-lines/elevator_spec1_product11_true-unreach-call_true-termination.cil/elevator_spec1_product11_true-unreach-call_true-termination.cil.-O0.smt2,unknown
test/sv-benchmarks/product-lines/minepump_spec3_product62_true-unreach-call_false-termination.cil/minepump_spec3_product62_true-unreach-call_false-termination.cil.-O0.smt2,sat
test/sv-benchmarks/product-lines/minepump_spec3_product62_true-unreach-call_false-termination.cil/minepump_spec3_product62_true-unreach-call_false-termination.cil.-O2.smt2,sat
test/sv-benchmarks/product-lines/minepump_spec3_product57_true-unreach-call_false-termination.cil/minepump_spec3_product57_true-unreach-call_false-termination.cil.-O2.smt2,sat
test/sv-benchmarks/product-lines/minepump_spec3_product57_true-unreach-call_false-termination.cil/minepump_spec3_product57_true-unreach-call_false-termination.cil.-O0.smt2,unknown
test/sv-benchmarks/product-lines/elevator_spec1_product01_true-unreach-call_true-termination.cil/elevator_spec1_product01_true-unreach-call_true-termination.cil.-O0.smt2,unknown
test/sv-benchmarks/product-lines/elevator_spec1_product01_true-unreach-call_true-termination.cil/elevator_spec1_product01_true-unreach-call_true-termination.cil.-O2.smt2,unknown
test/sv-benchmarks/product-lines/minepump_spec3_product58_true-unreach-call_false-termination.cil/minepump_spec3_product58_true-unreach-call_false-termination.cil.-O2.smt2,sat
test/sv-benchmarks/product-lines/minepump_spec3_product58_true-unreach-call_false-termination.cil/minepump_spec3_product58_true-unreach-call_false-termination.cil.-O0.smt2,unknown
test/sv-benchmarks/product-lines/elevator_spec9_product30_false-unreach-call_true-termination.cil/elevator_spec9_product30_false-unreach-call_true-termination.cil.-O2.smt2,unknown
test/sv-benchmarks/product-lines/elevator_spec9_product30_false-unreach-call_true-termination.cil/elevator_spec9_product30_false-unreach-call_true-termination.cil.-O0.smt2,unknown
test/sv-benchmarks/product-lines/email_spec27_product31_false-unreach-call_true-termination.cil/email_spec27_product31_false-unreach-call_true-termination.cil.-O0.smt2,unknown
test/sv-benchmarks/product-lines/email_spec27_product31_false-unreach-call_true-termination.cil/email_spec27_product31_false-unreach-call_true-termination.cil.-O2.smt2,unknown
test/sv-benchmarks/product-lines/minepump_spec1_product43_false-unreach-call_false-termination.cil/minepump_spec1_product43_false-unreach-call_false-termination.cil.-O0.smt2,unsat
test/sv-benchmarks/product-lines/minepump_spec1_product43_false-unreach-call_false-termination.cil/minepump_spec1_product43_false-unreach-call_false-termination.cil.-O2.smt2,unsat
test/sv-benchmarks/product-lines/email_spec0_product16_false-unreach-call_true-termination.cil/email_spec0_product16_false-unreach-call_true-termination.cil.-O2.smt2,unsat
test/sv-benchmarks/product-lines/email_spec0_product16_false-unreach-call_true-termination.cil/email_spec0_product16_false-unreach-call_true-termination.cil.-O0.smt2,unknown
test/sv-benchmarks/product-lines/minepump_spec4_product39_false-unreach-call_false-termination.cil/minepump_spec4_product39_false-unreach-call_false-termination.cil.-O0.smt2,unsat
test/sv-benchmarks/product-lines/minepump_spec4_product39_false-unreach-call_false-termination.cil/minepump_spec4_product39_false-unreach-call_false-termination.cil.-O2.smt2,unsat
test/sv-benchmarks/product-lines/minepump_spec2_product33_false-unreach-call_false-termination.cil/minepump_spec2_product33_false-unreach-call_false-termination.cil.-O0.smt2,unsat
test/sv-benchmarks/product-lines/minepump_spec2_product33_false-unreach-call_false-termination.cil/minepump_spec2_product33_false-unreach-call_false-termination.cil.-O2.smt2,unsat
test/sv-benchmarks/product-lines/elevator_spec2_product22_false-unreach-call_true-termination.cil/elevator_spec2_product22_false-unreach-call_true-termination.cil.-O2.smt2,unknown
test/sv-benchmarks/product-lines/elevator_spec2_product22_false-unreach-call_true-termination.cil/elevator_spec2_product22_false-unreach-call_true-termination.cil.-O0.smt2,unknown
test/sv-benchmarks/product-lines/minepump_spec2_product18_true-unreach-call_false-termination.cil/minepump_spec2_product18_true-unreach-call_false-termination.cil.-O0.smt2,sat
test/sv-benchmarks/product-lines/minepump_spec2_product18_true-unreach-call_false-termination.cil/minepump_spec2_product18_true-unreach-call_false-termination.cil.-O2.smt2,sat
test/sv-benchmarks/product-lines/minepump_spec2_product16_true-unreach-call_false-termination.cil/minepump_spec2_product16_true-unreach-call_false-termination.cil.-O2.smt2,sat
test/sv-benchmarks/product-lines/minepump_spec2_product16_true-unreach-call_false-termination.cil/minepump_spec2_product16_true-unreach-call_false-termination.cil.-O0.smt2,sat
test/sv-benchmarks/product-lines/minepump_spec2_product23_true-unreach-call_false-termination.cil/minepump_spec2_product23_true-unreach-call_false-termination.cil.-O0.smt2,sat
test/sv-benchmarks/product-lines/minepump_spec2_product23_true-unreach-call_false-termination.cil/minepump_spec2_product23_true-unreach-call_false-termination.cil.-O2.smt2,sat
test/sv-benchmarks/product-lines/email_spec9_productSimulator_false-unreach-call_true-termination.cil/email_spec9_productSimulator_false-unreach-call_true-termination.cil.-O0.smt2,unknown
test/sv-benchmarks/product-lines/email_spec9_productSimulator_false-unreach-call_true-termination.cil/email_spec9_productSimulator_false-unreach-call_true-termination.cil.-O2.smt2,unknown
test/sv-benchmarks/product-lines/minepump_spec2_product59_true-unreach-call_false-termination.cil/minepump_spec2_product59_true-unreach-call_false-termination.cil.-O0.smt2,sat
test/sv-benchmarks/product-lines/minepump_spec2_product59_true-unreach-call_false-termination.cil/minepump_spec2_product59_true-unreach-call_false-termination.cil.-O2.smt2,sat
test/sv-benchmarks/product-lines/email_spec7_product17_true-unreach-call_true-termination.cil/email_spec7_product17_true-unreach-call_true-termination.cil.-O0.smt2,sat
test/sv-benchmarks/product-lines/email_spec7_product17_true-unreach-call_true-termination.cil/email_spec7_product17_true-unreach-call_true-termination.cil.-O2.smt2,sat
test/sv-benchmarks/product-lines/minepump_spec2_product62_true-unreach-call_false-termination.cil/minepump_spec2_product62_true-unreach-call_false-termination.cil.-O0.smt2,sat
test/sv-benchmarks/product-lines/minepump_spec2_product62_true-unreach-call_false-termination.cil/minepump_spec2_product62_true-unreach-call_false-termination.cil.-O2.smt2,sat
test/sv-benchmarks/product-lines/minepump_spec2_product57_true-unreach-call_false-termination.cil/minepump_spec2_product57_true-unreach-call_false-termination.cil.-O2.smt2,sat
test/sv-benchmarks/product-lines/minepump_spec2_product57_true-unreach-call_false-termination.cil/minepump_spec2_product57_true-unreach-call_false-termination.cil.-O0.smt2,sat
test/sv-benchmarks/product-lines/minepump_spec5_product35_true-unreach-call_false-termination.cil/minepump_spec5_product35_true-unreach-call_false-termination.cil.-O0.smt2,sat
test/sv-benchmarks/product-lines/minepump_spec5_product35_true-unreach-call_false-termination.cil/minepump_spec5_product35_true-unreach-call_false-termination.cil.-O2.smt2,sat
test/sv-benchmarks/product-lines/elevator_spec1_product27_true-unreach-call_true-termination.cil/elevator_spec1_product27_true-unreach-call_true-termination.cil.-O0.smt2,unknown
test/sv-benchmarks/product-lines/elevator_spec1_product27_true-unreach-call_true-termination.cil/elevator_spec1_product27_true-unreach-call_true-termination.cil.-O2.smt2,unknown
test/sv-benchmarks/product-lines/email_spec6_product34_false-unreach-call_true-termination.cil/email_spec6_product34_false-unreach-call_true-termination.cil.-O2.smt2,unsat
test/sv-benchmarks/product-lines/email_spec6_product34_false-unreach-call_true-termination.cil/email_spec6_product34_false-unreach-call_true-termination.cil.-O0.smt2,unknown
test/sv-benchmarks/product-lines/minepump_spec3_product07_false-unreach-call_false-termination.cil/minepump_spec3_product07_false-unreach-call_false-termination.cil.-O2.smt2,unsat
test/sv-benchmarks/product-lines/minepump_spec3_product07_false-unreach-call_false-termination.cil/minepump_spec3_product07_false-unreach-call_false-termination.cil.-O0.smt2,unsat
test/sv-benchmarks/product-lines/minepump_spec5_product41_true-unreach-call_false-termination.cil/minepump_spec5_product41_true-unreach-call_false-termination.cil.-O2.smt2,sat
test/sv-benchmarks/product-lines/minepump_spec5_product41_true-unreach-call_false-termination.cil/minepump_spec5_product41_true-unreach-call_false-termination.cil.-O0.smt2,sat
test/sv-benchmarks/product-lines/email_spec9_product33_false-unreach-call_true-termination.cil/email_spec9_product33_false-unreach-call_true-termination.cil.-O0.smt2,unknown
test/sv-benchmarks/product-lines/email_spec9_product33_false-unreach-call_true-termination.cil/email_spec9_product33_false-unreach-call_true-termination.cil.-O2.smt2,unknown
test/sv-benchmarks/product-lines/minepump_spec1_product61_true-unreach-call_false-termination.cil/minepump_spec1_product61_true-unreach-call_false-termination.cil.-O2.smt2,sat
test/sv-benchmarks/product-lines/minepump_spec1_product61_true-unreach-call_false-termination.cil/minepump_spec1_product61_true-unreach-call_false-termination.cil.-O0.smt2,sat
test/sv-benchmarks/product-lines/minepump_spec4_product45_false-unreach-call_false-termination.cil/minepump_spec4_product45_false-unreach-call_false-termination.cil.-O0.smt2,unsat
test/sv-benchmarks/product-lines/minepump_spec4_product45_false-unreach-call_false-termination.cil/minepump_spec4_product45_false-unreach-call_false-termination.cil.-O2.smt2,unsat
test/sv-benchmarks/product-lines/email_spec8_product28_true-unreach-call_true-termination.cil/email_spec8_product28_true-unreach-call_true-termination.cil.-O0.smt2,unknown
test/sv-benchmarks/product-lines/email_spec8_product28_true-unreach-call_true-termination.cil/email_spec8_product28_true-unreach-call_true-termination.cil.-O2.smt2,sat
test/sv-benchmarks/product-lines/email_spec8_product32_false-unreach-call_true-termination.cil/email_spec8_product32_false-unreach-call_true-termination.cil.-O2.smt2,unknown
test/sv-benchmarks/product-lines/email_spec8_product32_false-unreach-call_true-termination.cil/email_spec8_product32_false-unreach-call_true-termination.cil.-O0.smt2,unknown
test/sv-benchmarks/product-lines/elevator_spec13_product23_true-unreach-call_false-termination.cil/elevator_spec13_product23_true-unreach-call_false-termination.cil.-O0.smt2,unknown
test/sv-benchmarks/product-lines/elevator_spec13_product23_true-unreach-call_false-termination.cil/elevator_spec13_product23_true-unreach-call_false-termination.cil.-O2.smt2,unknown
test/sv-benchmarks/product-lines/elevator_spec14_product20_false-unreach-call_true-termination.cil/elevator_spec14_product20_false-unreach-call_true-termination.cil.-O0.smt2,unknown
test/sv-benchmarks/product-lines/elevator_spec14_product20_false-unreach-call_true-termination.cil/elevator_spec14_product20_false-unreach-call_true-termination.cil.-O2.smt2,unknown
test/sv-benchmarks/product-lines/minepump_spec1_product15_true-unreach-call_false-termination.cil/minepump_spec1_product15_true-unreach-call_false-termination.cil.-O0.smt2,sat
test/sv-benchmarks/product-lines/minepump_spec1_product15_true-unreach-call_false-termination.cil/minepump_spec1_product15_true-unreach-call_false-termination.cil.-O2.smt2,sat
test/sv-benchmarks/product-lines/elevator_spec9_product25_true-unreach-call_true-termination.cil/elevator_spec9_product25_true-unreach-call_true-termination.cil.-O2.smt2,unknown
test/sv-benchmarks/product-lines/elevator_spec9_product25_true-unreach-call_true-termination.cil/elevator_spec9_product25_true-unreach-call_true-termination.cil.-O0.smt2,sat
test/sv-benchmarks/product-lines/minepump_spec3_product13_false-unreach-call_false-termination.cil/minepump_spec3_product13_false-unreach-call_false-termination.cil.-O2.smt2,unsat
test/sv-benchmarks/product-lines/minepump_spec3_product13_false-unreach-call_false-termination.cil/minepump_spec3_product13_false-unreach-call_false-termination.cil.-O0.smt2,unsat
test/sv-benchmarks/product-lines/minepump_spec1_product20_true-unreach-call_false-termination.cil/minepump_spec1_product20_true-unreach-call_false-termination.cil.-O2.smt2,sat
test/sv-benchmarks/product-lines/minepump_spec1_product20_true-unreach-call_false-termination.cil/minepump_spec1_product20_true-unreach-call_false-termination.cil.-O0.smt2,sat
test/sv-benchmarks/product-lines/minepump_spec4_product01_true-unreach-call_false-termination.cil/minepump_spec4_product01_true-unreach-call_false-termination.cil.-O0.smt2,sat
test/sv-benchmarks/product-lines/minepump_spec4_product01_true-unreach-call_false-termination.cil/minepump_spec4_product01_true-unreach-call_false-termination.cil.-O2.smt2,sat
test/sv-benchmarks/product-lines/email_spec7_product35_false-unreach-call_true-termination.cil/email_spec7_product35_false-unreach-call_true-termination.cil.-O0.smt2,unknown
test/sv-benchmarks/product-lines/email_spec7_product35_false-unreach-call_true-termination.cil/email_spec7_product35_false-unreach-call_true-termination.cil.-O2.smt2,unsat
test/sv-benchmarks/product-lines/minepump_spec3_product52_false-unreach-call_false-termination.cil/minepump_spec3_product52_false-unreach-call_false-termination.cil.-O2.smt2,unsat
test/sv-benchmarks/product-lines/minepump_spec3_product52_false-unreach-call_false-termination.cil/minepump_spec3_product52_false-unreach-call_false-termination.cil.-O0.smt2,unsat
test/sv-benchmarks/product-lines/elevator_spec13_product21_true-unreach-call_false-termination.cil/elevator_spec13_product21_true-unreach-call_false-termination.cil.-O0.smt2,unknown
test/sv-benchmarks/product-lines/elevator_spec13_product21_true-unreach-call_false-termination.cil/elevator_spec13_product21_true-unreach-call_false-termination.cil.-O2.smt2,unknown
test/sv-benchmarks/product-lines/email_spec8_product30_false-unreach-call_true-termination.cil/email_spec8_product30_false-unreach-call_true-termination.cil.-O2.smt2,unknown
test/sv-benchmarks/product-lines/email_spec8_product30_false-unreach-call_true-termination.cil/email_spec8_product30_false-unreach-call_true-termination.cil.-O0.smt2,unknown
test/sv-benchmarks/product-lines/minepump_spec1_product58_true-unreach-call_false-termination.cil/minepump_spec1_product58_true-unreach-call_false-termination.cil.-O2.smt2,sat
test/sv-benchmarks/product-lines/minepump_spec1_product58_true-unreach-call_false-termination.cil/minepump_spec1_product58_true-unreach-call_false-termination.cil.-O0.smt2,sat
test/sv-benchmarks/product-lines/minepump_spec1_product63_true-unreach-call_false-termination.cil/minepump_spec1_product63_true-unreach-call_false-termination.cil.-O2.smt2,sat
test/sv-benchmarks/product-lines/minepump_spec1_product63_true-unreach-call_false-termination.cil/minepump_spec1_product63_true-unreach-call_false-termination.cil.-O0.smt2,sat
test/sv-benchmarks/product-lines/elevator_spec3_product22_true-unreach-call_true-termination.cil/elevator_spec3_product22_true-unreach-call_true-termination.cil.-O0.smt2,unknown
test/sv-benchmarks/product-lines/elevator_spec3_product22_true-unreach-call_true-termination.cil/elevator_spec3_product22_true-unreach-call_true-termination.cil.-O2.smt2,unknown
test/sv-benchmarks/product-lines/minepump_spec1_product19_true-unreach-call_false-termination.cil/minepump_spec1_product19_true-unreach-call_false-termination.cil.-O2.smt2,sat
test/sv-benchmarks/product-lines/minepump_spec1_product19_true-unreach-call_false-termination.cil/minepump_spec1_product19_true-unreach-call_false-termination.cil.-O0.smt2,sat
test/sv-benchmarks/product-lines/elevator_spec2_product19_true-unreach-call_true-termination.cil/elevator_spec2_product19_true-unreach-call_true-termination.cil.-O0.smt2,unknown
test/sv-benchmarks/product-lines/elevator_spec2_product19_true-unreach-call_true-termination.cil/elevator_spec2_product19_true-unreach-call_true-termination.cil.-O2.smt2,unknown
test/sv-benchmarks/product-lines/minepump_spec4_product03_true-unreach-call_false-termination.cil/minepump_spec4_product03_true-unreach-call_false-termination.cil.-O0.smt2,sat
test/sv-benchmarks/product-lines/minepump_spec4_product03_true-unreach-call_false-termination.cil/minepump_spec4_product03_true-unreach-call_false-termination.cil.-O2.smt2,sat
test/sv-benchmarks/product-lines/minepump_spec1_product22_true-unreach-call_false-termination.cil/minepump_spec1_product22_true-unreach-call_false-termination.cil.-O2.smt2,sat
test/sv-benchmarks/product-lines/minepump_spec1_product22_true-unreach-call_false-termination.cil/minepump_spec1_product22_true-unreach-call_false-termination.cil.-O0.smt2,sat
test/sv-benchmarks/product-lines/minepump_spec4_productSimulator_false-unreach-call_false-termination.cil/minepump_spec4_productSimulator_false-unreach-call_false-termination.cil.-O2.smt2,unsat
test/sv-benchmarks/product-lines/minepump_spec4_productSimulator_false-unreach-call_false-termination.cil/minepump_spec4_productSimulator_false-unreach-call_false-termination.cil.-O0.smt2,unsat
test/sv-benchmarks/product-lines/elevator_spec1_product18_false-unreach-call_true-termination.cil/elevator_spec1_product18_false-unreach-call_true-termination.cil.-O0.smt2,unknown
test/sv-benchmarks/product-lines/elevator_spec1_product18_false-unreach-call_true-termination.cil/elevator_spec1_product18_false-unreach-call_true-termination.cil.-O2.smt2,unknown
test/sv-benchmarks/product-lines/minepump_spec1_product17_true-unreach-call_false-termination.cil/minepump_spec1_product17_true-unreach-call_false-termination.cil.-O0.smt2,sat
test/sv-benchmarks/product-lines/minepump_spec1_product17_true-unreach-call_false-termination.cil/minepump_spec1_product17_true-unreach-call_false-termination.cil.-O2.smt2,sat
test/sv-benchmarks/product-lines/email_spec0_product19_true-unreach-call_true-termination.cil/email_spec0_product19_true-unreach-call_true-termination.cil.-O0.smt2,sat
test/sv-benchmarks/product-lines/email_spec0_product19_true-unreach-call_true-termination.cil/email_spec0_product19_true-unreach-call_true-termination.cil.-O2.smt2,sat
test/sv-benchmarks/product-lines/email_spec3_product19_false-unreach-call_true-termination.cil/email_spec3_product19_false-unreach-call_true-termination.cil.-O2.smt2,unsat
test/sv-benchmarks/product-lines/email_spec3_product19_false-unreach-call_true-termination.cil/email_spec3_product19_false-unreach-call_true-termination.cil.-O0.smt2,unknown
test/sv-benchmarks/product-lines/minepump_spec1_product37_false-unreach-call_false-termination.cil/minepump_spec1_product37_false-unreach-call_false-termination.cil.-O2.smt2,unsat
test/sv-benchmarks/product-lines/minepump_spec1_product37_false-unreach-call_false-termination.cil/minepump_spec1_product37_false-unreach-call_false-termination.cil.-O0.smt2,unsat
test/sv-benchmarks/product-lines/minepump_spec5_product02_true-unreach-call_false-termination.cil/minepump_spec5_product02_true-unreach-call_false-termination.cil.-O2.smt2,sat
test/sv-benchmarks/product-lines/minepump_spec5_product02_true-unreach-call_false-termination.cil/minepump_spec5_product02_true-unreach-call_false-termination.cil.-O0.smt2,sat
test/sv-benchmarks/product-lines/minepump_spec5_product37_true-unreach-call_false-termination.cil/minepump_spec5_product37_true-unreach-call_false-termination.cil.-O0.smt2,sat
test/sv-benchmarks/product-lines/minepump_spec5_product37_true-unreach-call_false-termination.cil/minepump_spec5_product37_true-unreach-call_false-termination.cil.-O2.smt2,sat
test/sv-benchmarks/product-lines/minepump_spec5_product39_true-unreach-call_false-termination.cil/minepump_spec5_product39_true-unreach-call_false-termination.cil.-O2.smt2,sat
test/sv-benchmarks/product-lines/minepump_spec5_product39_true-unreach-call_false-termination.cil/minepump_spec5_product39_true-unreach-call_false-termination.cil.-O0.smt2,sat
test/sv-benchmarks/product-lines/email_spec3_product17_false-unreach-call_true-termination.cil/email_spec3_product17_false-unreach-call_true-termination.cil.-O0.smt2,unknown
test/sv-benchmarks/product-lines/email_spec3_product17_false-unreach-call_true-termination.cil/email_spec3_product17_false-unreach-call_true-termination.cil.-O2.smt2,unsat
test/sv-benchmarks/product-lines/email_spec9_product31_false-unreach-call_true-termination.cil/email_spec9_product31_false-unreach-call_true-termination.cil.-O0.smt2,unknown
test/sv-benchmarks/product-lines/email_spec9_product31_false-unreach-call_true-termination.cil/email_spec9_product31_false-unreach-call_true-termination.cil.-O2.smt2,unknown
test/sv-benchmarks/product-lines/minepump_spec5_product43_true-unreach-call_false-termination.cil/minepump_spec5_product43_true-unreach-call_false-termination.cil.-O2.smt2,sat
test/sv-benchmarks/product-lines/minepump_spec5_product43_true-unreach-call_false-termination.cil/minepump_spec5_product43_true-unreach-call_false-termination.cil.-O0.smt2,sat
test/sv-benchmarks/product-lines/minepump_spec2_product21_true-unreach-call_false-termination.cil/minepump_spec2_product21_true-unreach-call_false-termination.cil.-O0.smt2,sat
test/sv-benchmarks/product-lines/minepump_spec2_product21_true-unreach-call_false-termination.cil/minepump_spec2_product21_true-unreach-call_false-termination.cil.-O2.smt2,sat
test/sv-benchmarks/product-lines/minepump_spec2_product14_true-unreach-call_false-termination.cil/minepump_spec2_product14_true-unreach-call_false-termination.cil.-O2.smt2,sat
test/sv-benchmarks/product-lines/minepump_spec2_product14_true-unreach-call_false-termination.cil/minepump_spec2_product14_true-unreach-call_false-termination.cil.-O0.smt2,sat
test/sv-benchmarks/product-lines/minepump_spec3_product26_false-unreach-call_false-termination.cil/minepump_spec3_product26_false-unreach-call_false-termination.cil.-O0.smt2,unsat
test/sv-benchmarks/product-lines/minepump_spec3_product26_false-unreach-call_false-termination.cil/minepump_spec3_product26_false-unreach-call_false-termination.cil.-O2.smt2,unsat
test/sv-benchmarks/product-lines/elevator_spec2_product20_false-unreach-call_true-termination.cil/elevator_spec2_product20_false-unreach-call_true-termination.cil.-O2.smt2,unknown
test/sv-benchmarks/product-lines/elevator_spec2_product20_false-unreach-call_true-termination.cil/elevator_spec2_product20_false-unreach-call_true-termination.cil.-O0.smt2,unknown
test/sv-benchmarks/product-lines/email_spec4_product34_false-unreach-call_true-termination.cil/email_spec4_product34_false-unreach-call_true-termination.cil.-O2.smt2,unknown
test/sv-benchmarks/product-lines/email_spec4_product34_false-unreach-call_true-termination.cil/email_spec4_product34_false-unreach-call_true-termination.cil.-O0.smt2,unknown
test/sv-benchmarks/product-lines/minepump_spec2_product55_true-unreach-call_false-termination.cil/minepump_spec2_product55_true-unreach-call_false-termination.cil.-O2.smt2,sat
test/sv-benchmarks/product-lines/minepump_spec2_product55_true-unreach-call_false-termination.cil/minepump_spec2_product55_true-unreach-call_false-termination.cil.-O0.smt2,sat
test/sv-benchmarks/product-lines/minepump_spec2_product60_true-unreach-call_false-termination.cil/minepump_spec2_product60_true-unreach-call_false-termination.cil.-O0.smt2,sat
test/sv-benchmarks/product-lines/minepump_spec2_product60_true-unreach-call_false-termination.cil/minepump_spec2_product60_true-unreach-call_false-termination.cil.-O2.smt2,sat
test/sv-benchmarks/product-lines/elevator_spec9_product32_false-unreach-call_true-termination.cil/elevator_spec9_product32_false-unreach-call_true-termination.cil.-O2.smt2,unknown
test/sv-benchmarks/product-lines/elevator_spec9_product32_false-unreach-call_true-termination.cil/elevator_spec9_product32_false-unreach-call_true-termination.cil.-O0.smt2,unknown
test/sv-benchmarks/product-lines/minepump_spec3_product61_true-unreach-call_false-termination.cil/minepump_spec3_product61_true-unreach-call_false-termination.cil.-O2.smt2,sat
test/sv-benchmarks/product-lines/minepump_spec3_product61_true-unreach-call_false-termination.cil/minepump_spec3_product61_true-unreach-call_false-termination.cil.-O0.smt2,sat
test/sv-benchmarks/product-lines/minepump_spec3_product54_true-unreach-call_false-termination.cil/minepump_spec3_product54_true-unreach-call_false-termination.cil.-O0.smt2,unknown
test/sv-benchmarks/product-lines/minepump_spec3_product54_true-unreach-call_false-termination.cil/minepump_spec3_product54_true-unreach-call_false-termination.cil.-O2.smt2,sat
test/sv-benchmarks/product-lines/elevator_spec1_product21_true-unreach-call_true-termination.cil/elevator_spec1_product21_true-unreach-call_true-termination.cil.-O0.smt2,unknown
test/sv-benchmarks/product-lines/elevator_spec1_product21_true-unreach-call_true-termination.cil/elevator_spec1_product21_true-unreach-call_true-termination.cil.-O2.smt2,unknown
test/sv-benchmarks/product-lines/email_spec4_product29_true-unreach-call_true-termination.cil/email_spec4_product29_true-unreach-call_true-termination.cil.-O0.smt2,unknown
test/sv-benchmarks/product-lines/email_spec4_product29_true-unreach-call_true-termination.cil/email_spec4_product29_true-unreach-call_true-termination.cil.-O2.smt2,sat
test/sv-benchmarks/product-lines/email_spec0_product21_false-unreach-call_true-termination.cil/email_spec0_product21_false-unreach-call_true-termination.cil.-O0.smt2,unknown
test/sv-benchmarks/product-lines/email_spec0_product21_false-unreach-call_true-termination.cil/email_spec0_product21_false-unreach-call_true-termination.cil.-O2.smt2,unsat
test/sv-benchmarks/product-lines/email_spec27_product33_false-unreach-call_true-termination.cil/email_spec27_product33_false-unreach-call_true-termination.cil.-O0.smt2,unknown
test/sv-benchmarks/product-lines/email_spec27_product33_false-unreach-call_true-termination.cil/email_spec27_product33_false-unreach-call_true-termination.cil.-O2.smt2,unknown
test/sv-benchmarks/product-lines/elevator_spec14_product03_true-unreach-call_true-termination.cil/elevator_spec14_product03_true-unreach-call_true-termination.cil.-O2.smt2,unknown
test/sv-benchmarks/product-lines/elevator_spec14_product03_true-unreach-call_true-termination.cil/elevator_spec14_product03_true-unreach-call_true-termination.cil.-O0.smt2,unknown
test/sv-benchmarks/product-lines/minepump_spec3_product36_false-unreach-call_false-termination.cil/minepump_spec3_product36_false-unreach-call_false-termination.cil.-O2.smt2,unsat
test/sv-benchmarks/product-lines/minepump_spec3_product36_false-unreach-call_false-termination.cil/minepump_spec3_product36_false-unreach-call_false-termination.cil.-O0.smt2,unsat
test/sv-benchmarks/product-lines/elevator_spec3_product20_false-unreach-call_true-termination.cil/elevator_spec3_product20_false-unreach-call_true-termination.cil.-O2.smt2,unknown
test/sv-benchmarks/product-lines/elevator_spec3_product20_false-unreach-call_true-termination.cil/elevator_spec3_product20_false-unreach-call_true-termination.cil.-O0.smt2,unknown
test/sv-benchmarks/product-lines/email_spec27_product32_false-unreach-call_true-termination.cil/email_spec27_product32_false-unreach-call_true-termination.cil.-O2.smt2,unknown
test/sv-benchmarks/product-lines/email_spec27_product32_false-unreach-call_true-termination.cil/email_spec27_product32_false-unreach-call_true-termination.cil.-O0.smt2,unknown
test/sv-benchmarks/product-lines/elevator_spec1_product31_true-unreach-call_true-termination.cil/elevator_spec1_product31_true-unreach-call_true-termination.cil.-O2.smt2,unknown
test/sv-benchmarks/product-lines/elevator_spec1_product31_true-unreach-call_true-termination.cil/elevator_spec1_product31_true-unreach-call_true-termination.cil.-O0.smt2,unknown
test/sv-benchmarks/product-lines/minepump_spec2_product61_true-unreach-call_false-termination.cil/minepump_spec2_product61_true-unreach-call_false-termination.cil.-O2.smt2,sat
test/sv-benchmarks/product-lines/minepump_spec2_product61_true-unreach-call_false-termination.cil/minepump_spec2_product61_true-unreach-call_false-termination.cil.-O0.smt2,sat
test/sv-benchmarks/product-lines/email_spec11_product26_false-unreach-call_true-termination.cil/email_spec11_product26_false-unreach-call_true-termination.cil.-O2.smt2,unsat
test/sv-benchmarks/product-lines/email_spec11_product26_false-unreach-call_true-termination.cil/email_spec11_product26_false-unreach-call_true-termination.cil.-O0.smt2,unknown
test/sv-benchmarks/product-lines/minepump_spec2_product54_true-unreach-call_false-termination.cil/minepump_spec2_product54_true-unreach-call_false-termination.cil.-O0.smt2,sat
test/sv-benchmarks/product-lines/minepump_spec2_product54_true-unreach-call_false-termination.cil/minepump_spec2_product54_true-unreach-call_false-termination.cil.-O2.smt2,sat
test/sv-benchmarks/product-lines/minepump_spec3_product63_false-unreach-call_false-termination.cil/minepump_spec3_product63_false-unreach-call_false-termination.cil.-O2.smt2,unsat
test/sv-benchmarks/product-lines/minepump_spec3_product63_false-unreach-call_false-termination.cil/minepump_spec3_product63_false-unreach-call_false-termination.cil.-O0.smt2,unsat
test/sv-benchmarks/product-lines/minepump_spec2_product15_true-unreach-call_false-termination.cil/minepump_spec2_product15_true-unreach-call_false-termination.cil.-O0.smt2,sat
test/sv-benchmarks/product-lines/minepump_spec2_product15_true-unreach-call_false-termination.cil/minepump_spec2_product15_true-unreach-call_false-termination.cil.-O2.smt2,sat
test/sv-benchmarks/product-lines/minepump_spec2_product20_true-unreach-call_false-termination.cil/minepump_spec2_product20_true-unreach-call_false-termination.cil.-O2.smt2,sat
test/sv-benchmarks/product-lines/minepump_spec2_product20_true-unreach-call_false-termination.cil/minepump_spec2_product20_true-unreach-call_false-termination.cil.-O0.smt2,sat
test/sv-benchmarks/product-lines/email_spec4_product35_false-unreach-call_true-termination.cil/email_spec4_product35_false-unreach-call_true-termination.cil.-O0.smt2,unknown
test/sv-benchmarks/product-lines/email_spec4_product35_false-unreach-call_true-termination.cil/email_spec4_product35_false-unreach-call_true-termination.cil.-O2.smt2,unknown
test/sv-benchmarks/product-lines/minepump_spec4_product35_false-unreach-call_false-termination.cil/minepump_spec4_product35_false-unreach-call_false-termination.cil.-O0.smt2,unsat
test/sv-benchmarks/product-lines/minepump_spec4_product35_false-unreach-call_false-termination.cil/minepump_spec4_product35_false-unreach-call_false-termination.cil.-O2.smt2,unsat
test/sv-benchmarks/product-lines/minepump_spec1_product33_false-unreach-call_false-termination.cil/minepump_spec1_product33_false-unreach-call_false-termination.cil.-O0.smt2,unsat
test/sv-benchmarks/product-lines/minepump_spec1_product33_false-unreach-call_false-termination.cil/minepump_spec1_product33_false-unreach-call_false-termination.cil.-O2.smt2,unsat
test/sv-benchmarks/product-lines/minepump_spec5_product42_true-unreach-call_false-termination.cil/minepump_spec5_product42_true-unreach-call_false-termination.cil.-O0.smt2,sat
test/sv-benchmarks/product-lines/minepump_spec5_product42_true-unreach-call_false-termination.cil/minepump_spec5_product42_true-unreach-call_false-termination.cil.-O2.smt2,sat
test/sv-benchmarks/product-lines/email_spec9_product30_false-unreach-call_true-termination.cil/email_spec9_product30_false-unreach-call_true-termination.cil.-O2.smt2,unknown
test/sv-benchmarks/product-lines/email_spec9_product30_false-unreach-call_true-termination.cil/email_spec9_product30_false-unreach-call_true-termination.cil.-O0.smt2,unknown
test/sv-benchmarks/product-lines/minepump_spec5_product36_true-unreach-call_false-termination.cil/minepump_spec5_product36_true-unreach-call_false-termination.cil.-O2.smt2,sat
test/sv-benchmarks/product-lines/minepump_spec5_product36_true-unreach-call_false-termination.cil/minepump_spec5_product36_true-unreach-call_false-termination.cil.-O0.smt2,sat
test/sv-benchmarks/product-lines/email_spec27_product28_true-unreach-call_true-termination.cil/email_spec27_product28_true-unreach-call_true-termination.cil.-O0.smt2,unknown
test/sv-benchmarks/product-lines/email_spec27_product28_true-unreach-call_true-termination.cil/email_spec27_product28_true-unreach-call_true-termination.cil.-O2.smt2,sat
test/sv-benchmarks/product-lines/minepump_spec5_product03_true-unreach-call_false-termination.cil/minepump_spec5_product03_true-unreach-call_false-termination.cil.-O0.smt2,sat
test/sv-benchmarks/product-lines/minepump_spec5_product03_true-unreach-call_false-termination.cil/minepump_spec5_product03_true-unreach-call_false-termination.cil.-O2.smt2,sat
test/sv-benchmarks/product-lines/elevator_spec1_product17_true-unreach-call_true-termination.cil/elevator_spec1_product17_true-unreach-call_true-termination.cil.-O2.smt2,unknown
test/sv-benchmarks/product-lines/elevator_spec1_product17_true-unreach-call_true-termination.cil/elevator_spec1_product17_true-unreach-call_true-termination.cil.-O0.smt2,unknown
test/sv-benchmarks/product-lines/email_spec3_product18_false-unreach-call_true-termination.cil/email_spec3_product18_false-unreach-call_true-termination.cil.-O0.smt2,unknown
test/sv-benchmarks/product-lines/email_spec3_product18_false-unreach-call_true-termination.cil/email_spec3_product18_false-unreach-call_true-termination.cil.-O2.smt2,unsat
test/sv-benchmarks/product-lines/email_spec3_product23_false-unreach-call_true-termination.cil/email_spec3_product23_false-unreach-call_true-termination.cil.-O0.smt2,unknown
test/sv-benchmarks/product-lines/email_spec3_product23_false-unreach-call_true-termination.cil/email_spec3_product23_false-unreach-call_true-termination.cil.-O2.smt2,unsat
test/sv-benchmarks/product-lines/elevator_spec3_product21_true-unreach-call_true-termination.cil/elevator_spec3_product21_true-unreach-call_true-termination.cil.-O0.smt2,unknown
test/sv-benchmarks/product-lines/elevator_spec3_product21_true-unreach-call_true-termination.cil/elevator_spec3_product21_true-unreach-call_true-termination.cil.-O2.smt2,unknown
test/sv-benchmarks/product-lines/minepump_spec5_product38_true-unreach-call_false-termination.cil/minepump_spec5_product38_true-unreach-call_false-termination.cil.-O0.smt2,sat
test/sv-benchmarks/product-lines/minepump_spec5_product38_true-unreach-call_false-termination.cil/minepump_spec5_product38_true-unreach-call_false-termination.cil.-O2.smt2,sat
test/sv-benchmarks/product-lines/elevator_spec1_product22_false-unreach-call_true-termination.cil/elevator_spec1_product22_false-unreach-call_true-termination.cil.-O2.smt2,unknown
test/sv-benchmarks/product-lines/elevator_spec1_product22_false-unreach-call_true-termination.cil/elevator_spec1_product22_false-unreach-call_true-termination.cil.-O0.smt2,unknown
test/sv-benchmarks/product-lines/minepump_spec4_product02_true-unreach-call_false-termination.cil/minepump_spec4_product02_true-unreach-call_false-termination.cil.-O2.smt2,sat
test/sv-benchmarks/product-lines/minepump_spec4_product02_true-unreach-call_false-termination.cil/minepump_spec4_product02_true-unreach-call_false-termination.cil.-O0.smt2,sat
test/sv-benchmarks/product-lines/elevator_spec2_product09_true-unreach-call_true-termination.cil/elevator_spec2_product09_true-unreach-call_true-termination.cil.-O2.smt2,unknown
test/sv-benchmarks/product-lines/elevator_spec2_product09_true-unreach-call_true-termination.cil/elevator_spec2_product09_true-unreach-call_true-termination.cil.-O0.smt2,unknown
test/sv-benchmarks/product-lines/minepump_spec1_product18_true-unreach-call_false-termination.cil/minepump_spec1_product18_true-unreach-call_false-termination.cil.-O0.smt2,sat
test/sv-benchmarks/product-lines/minepump_spec1_product18_true-unreach-call_false-termination.cil/minepump_spec1_product18_true-unreach-call_false-termination.cil.-O2.smt2,sat
test/sv-benchmarks/product-lines/minepump_spec1_product16_true-unreach-call_false-termination.cil/minepump_spec1_product16_true-unreach-call_false-termination.cil.-O2.smt2,sat
test/sv-benchmarks/product-lines/minepump_spec1_product16_true-unreach-call_false-termination.cil/minepump_spec1_product16_true-unreach-call_false-termination.cil.-O0.smt2,sat
test/sv-benchmarks/product-lines/minepump_spec1_product23_true-unreach-call_false-termination.cil/minepump_spec1_product23_true-unreach-call_false-termination.cil.-O0.smt2,sat
test/sv-benchmarks/product-lines/minepump_spec1_product23_true-unreach-call_false-termination.cil/minepump_spec1_product23_true-unreach-call_false-termination.cil.-O2.smt2,sat
test/sv-benchmarks/product-lines/minepump_spec1_product59_true-unreach-call_false-termination.cil/minepump_spec1_product59_true-unreach-call_false-termination.cil.-O0.smt2,sat
test/sv-benchmarks/product-lines/minepump_spec1_product59_true-unreach-call_false-termination.cil/minepump_spec1_product59_true-unreach-call_false-termination.cil.-O2.smt2,sat
test/sv-benchmarks/product-lines/email_spec8_product31_false-unreach-call_true-termination.cil/email_spec8_product31_false-unreach-call_true-termination.cil.-O0.smt2,unknown
test/sv-benchmarks/product-lines/email_spec8_product31_false-unreach-call_true-termination.cil/email_spec8_product31_false-unreach-call_true-termination.cil.-O2.smt2,unknown
test/sv-benchmarks/product-lines/minepump_spec1_product62_true-unreach-call_false-termination.cil/minepump_spec1_product62_true-unreach-call_false-termination.cil.-O0.smt2,sat
test/sv-benchmarks/product-lines/minepump_spec1_product62_true-unreach-call_false-termination.cil/minepump_spec1_product62_true-unreach-call_false-termination.cil.-O2.smt2,sat
test/sv-benchmarks/product-lines/minepump_spec2_product43_false-unreach-call_false-termination.cil/minepump_spec2_product43_false-unreach-call_false-termination.cil.-O0.smt2,unsat
test/sv-benchmarks/product-lines/minepump_spec2_product43_false-unreach-call_false-termination.cil/minepump_spec2_product43_false-unreach-call_false-termination.cil.-O2.smt2,unsat
test/sv-benchmarks/product-lines/minepump_spec1_product57_true-unreach-call_false-termination.cil/minepump_spec1_product57_true-unreach-call_false-termination.cil.-O2.smt2,sat
test/sv-benchmarks/product-lines/minepump_spec1_product57_true-unreach-call_false-termination.cil/minepump_spec1_product57_true-unreach-call_false-termination.cil.-O0.smt2,sat
test/sv-benchmarks/product-lines/minepump_spec5_product09_true-unreach-call_false-termination.cil/minepump_spec5_product09_true-unreach-call_false-termination.cil.-O2.smt2,sat
test/sv-benchmarks/product-lines/minepump_spec5_product09_true-unreach-call_false-termination.cil/minepump_spec5_product09_true-unreach-call_false-termination.cil.-O0.smt2,sat
test/sv-benchmarks/product-lines/email_spec11_product24_true-unreach-call_true-termination.cil/email_spec11_product24_true-unreach-call_true-termination.cil.-O0.smt2,sat
test/sv-benchmarks/product-lines/email_spec11_product24_true-unreach-call_true-termination.cil/email_spec11_product24_true-unreach-call_true-termination.cil.-O2.smt2,sat
test/sv-benchmarks/product-lines/email_spec3_product27_false-unreach-call_true-termination.cil/email_spec3_product27_false-unreach-call_true-termination.cil.-O0.smt2,unknown
test/sv-benchmarks/product-lines/email_spec3_product27_false-unreach-call_true-termination.cil/email_spec3_product27_false-unreach-call_true-termination.cil.-O2.smt2,unsat
test/sv-benchmarks/product-lines/minepump_spec5_product32_true-unreach-call_false-termination.cil/minepump_spec5_product32_true-unreach-call_false-termination.cil.-O2.smt2,sat
test/sv-benchmarks/product-lines/minepump_spec5_product32_true-unreach-call_false-termination.cil/minepump_spec5_product32_true-unreach-call_false-termination.cil.-O0.smt2,sat
test/sv-benchmarks/product-lines/minepump_spec1_product34_false-unreach-call_false-termination.cil/minepump_spec1_product34_false-unreach-call_false-termination.cil.-O2.smt2,unsat
test/sv-benchmarks/product-lines/minepump_spec1_product34_false-unreach-call_false-termination.cil/minepump_spec1_product34_false-unreach-call_false-termination.cil.-O0.smt2,unsat
test/sv-benchmarks/product-lines/email_spec3_product29_false-unreach-call_true-termination.cil/email_spec3_product29_false-unreach-call_true-termination.cil.-O2.smt2,unknown
test/sv-benchmarks/product-lines/email_spec3_product29_false-unreach-call_true-termination.cil/email_spec3_product29_false-unreach-call_true-termination.cil.-O0.smt2,unknown
test/sv-benchmarks/product-lines/email_spec6_product33_false-unreach-call_true-termination.cil/email_spec6_product33_false-unreach-call_true-termination.cil.-O0.smt2,unknown
test/sv-benchmarks/product-lines/email_spec6_product33_false-unreach-call_true-termination.cil/email_spec6_product33_false-unreach-call_true-termination.cil.-O2.smt2,unsat
test/sv-benchmarks/product-lines/minepump_spec5_product07_true-unreach-call_false-termination.cil/minepump_spec5_product07_true-unreach-call_false-termination.cil.-O0.smt2,sat
test/sv-benchmarks/product-lines/minepump_spec5_product07_true-unreach-call_false-termination.cil/minepump_spec5_product07_true-unreach-call_false-termination.cil.-O2.smt2,sat
test/sv-benchmarks/product-lines/minepump_spec5_product48_true-unreach-call_false-termination.cil/minepump_spec5_product48_true-unreach-call_false-termination.cil.-O2.smt2,sat
test/sv-benchmarks/product-lines/minepump_spec5_product48_true-unreach-call_false-termination.cil/minepump_spec5_product48_true-unreach-call_false-termination.cil.-O0.smt2,unknown
test/sv-benchmarks/product-lines/minepump_spec3_product59_false-unreach-call_false-termination.cil/minepump_spec3_product59_false-unreach-call_false-termination.cil.-O0.smt2,unsat
test/sv-benchmarks/product-lines/minepump_spec3_product59_false-unreach-call_false-termination.cil/minepump_spec3_product59_false-unreach-call_false-termination.cil.-O2.smt2,unsat
test/sv-benchmarks/product-lines/minepump_spec5_product46_true-unreach-call_false-termination.cil/minepump_spec5_product46_true-unreach-call_false-termination.cil.-O0.smt2,sat
test/sv-benchmarks/product-lines/minepump_spec5_product46_true-unreach-call_false-termination.cil/minepump_spec5_product46_true-unreach-call_false-termination.cil.-O2.smt2,sat
test/sv-benchmarks/product-lines/email_spec9_product34_false-unreach-call_true-termination.cil/email_spec9_product34_false-unreach-call_true-termination.cil.-O2.smt2,unknown
test/sv-benchmarks/product-lines/email_spec9_product34_false-unreach-call_true-termination.cil/email_spec9_product34_false-unreach-call_true-termination.cil.-O0.smt2,unknown
test/sv-benchmarks/product-lines/minepump_spec3_product18_false-unreach-call_false-termination.cil/minepump_spec3_product18_false-unreach-call_false-termination.cil.-O0.smt2,unsat
test/sv-benchmarks/product-lines/minepump_spec3_product18_false-unreach-call_false-termination.cil/minepump_spec3_product18_false-unreach-call_false-termination.cil.-O2.smt2,unsat
test/sv-benchmarks/product-lines/minepump_spec4_product49_true-unreach-call_false-termination.cil/minepump_spec4_product49_true-unreach-call_false-termination.cil.-O0.smt2,sat
test/sv-benchmarks/product-lines/minepump_spec4_product49_true-unreach-call_false-termination.cil/minepump_spec4_product49_true-unreach-call_false-termination.cil.-O2.smt2,sat
test/sv-benchmarks/product-lines/email_spec8_product35_false-unreach-call_true-termination.cil/email_spec8_product35_false-unreach-call_true-termination.cil.-O0.smt2,unknown
test/sv-benchmarks/product-lines/email_spec8_product35_false-unreach-call_true-termination.cil/email_spec8_product35_false-unreach-call_true-termination.cil.-O2.smt2,unknown
test/sv-benchmarks/product-lines/elevator_spec13_product24_true-unreach-call_false-termination.cil/elevator_spec13_product24_true-unreach-call_false-termination.cil.-O2.smt2,unknown
test/sv-benchmarks/product-lines/elevator_spec13_product24_true-unreach-call_false-termination.cil/elevator_spec13_product24_true-unreach-call_false-termination.cil.-O0.smt2,unknown
test/sv-benchmarks/product-lines/minepump_spec2_product44_false-unreach-call_false-termination.cil/minepump_spec2_product44_false-unreach-call_false-termination.cil.-O2.smt2,unsat
test/sv-benchmarks/product-lines/minepump_spec2_product44_false-unreach-call_false-termination.cil/minepump_spec2_product44_false-unreach-call_false-termination.cil.-O0.smt2,unsat
test/sv-benchmarks/product-lines/minepump_spec1_product12_true-unreach-call_false-termination.cil/minepump_spec1_product12_true-unreach-call_false-termination.cil.-O2.smt2,sat
test/sv-benchmarks/product-lines/minepump_spec1_product12_true-unreach-call_false-termination.cil/minepump_spec1_product12_true-unreach-call_false-termination.cil.-O0.smt2,sat
test/sv-benchmarks/product-lines/minepump_spec4_product08_true-unreach-call_false-termination.cil/minepump_spec4_product08_true-unreach-call_false-termination.cil.-O0.smt2,sat
test/sv-benchmarks/product-lines/minepump_spec4_product08_true-unreach-call_false-termination.cil/minepump_spec4_product08_true-unreach-call_false-termination.cil.-O2.smt2,sat
test/sv-benchmarks/product-lines/minepump_spec1_product27_true-unreach-call_false-termination.cil/minepump_spec1_product27_true-unreach-call_false-termination.cil.-O0.smt2,sat
test/sv-benchmarks/product-lines/minepump_spec1_product27_true-unreach-call_false-termination.cil/minepump_spec1_product27_true-unreach-call_false-termination.cil.-O2.smt2,sat
test/sv-benchmarks/product-lines/elevator_spec1_product28_false-unreach-call_true-termination.cil/elevator_spec1_product28_false-unreach-call_true-termination.cil.-O0.smt2,unknown
test/sv-benchmarks/product-lines/elevator_spec1_product28_false-unreach-call_true-termination.cil/elevator_spec1_product28_false-unreach-call_true-termination.cil.-O2.smt2,unknown
test/sv-benchmarks/product-lines/email_spec7_product32_false-unreach-call_true-termination.cil/email_spec7_product32_false-unreach-call_true-termination.cil.-O2.smt2,unsat
test/sv-benchmarks/product-lines/email_spec7_product32_false-unreach-call_true-termination.cil/email_spec7_product32_false-unreach-call_true-termination.cil.-O0.smt2,unknown
test/sv-benchmarks/product-lines/minepump_spec4_product06_true-unreach-call_false-termination.cil/minepump_spec4_product06_true-unreach-call_false-termination.cil.-O2.smt2,sat
test/sv-benchmarks/product-lines/minepump_spec4_product06_true-unreach-call_false-termination.cil/minepump_spec4_product06_true-unreach-call_false-termination.cil.-O0.smt2,sat
test/sv-benchmarks/product-lines/minepump_spec1_product29_true-unreach-call_false-termination.cil/minepump_spec1_product29_true-unreach-call_false-termination.cil.-O2.smt2,sat
test/sv-benchmarks/product-lines/minepump_spec1_product29_true-unreach-call_false-termination.cil/minepump_spec1_product29_true-unreach-call_false-termination.cil.-O0.smt2,sat
test/sv-benchmarks/product-lines/elevator_spec1_product26_false-unreach-call_true-termination.cil/elevator_spec1_product26_false-unreach-call_true-termination.cil.-O2.smt2,unknown
test/sv-benchmarks/product-lines/elevator_spec1_product26_false-unreach-call_true-termination.cil/elevator_spec1_product26_false-unreach-call_true-termination.cil.-O0.smt2,unknown
test/sv-benchmarks/product-lines/email_spec4_productSimulator_false-unreach-call_true-termination.cil/email_spec4_productSimulator_false-unreach-call_true-termination.cil.-O0.smt2,unknown
test/sv-benchmarks/product-lines/email_spec4_productSimulator_false-unreach-call_true-termination.cil/email_spec4_productSimulator_false-unreach-call_true-termination.cil.-O2.smt2,unknown
test/sv-benchmarks/product-lines/elevator_spec3_product24_false-unreach-call_true-termination.cil/elevator_spec3_product24_false-unreach-call_true-termination.cil.-O2.smt2,unknown
test/sv-benchmarks/product-lines/elevator_spec3_product24_false-unreach-call_true-termination.cil/elevator_spec3_product24_false-unreach-call_true-termination.cil.-O0.smt2,unknown
test/sv-benchmarks/product-lines/elevator_spec9_product09_true-unreach-call_true-termination.cil/elevator_spec9_product09_true-unreach-call_true-termination.cil.-O0.smt2,unknown
test/sv-benchmarks/product-lines/elevator_spec9_product09_true-unreach-call_true-termination.cil/elevator_spec9_product09_true-unreach-call_true-termination.cil.-O2.smt2,unknown
test/sv-benchmarks/product-lines/email_spec4_product31_false-unreach-call_true-termination.cil/email_spec4_product31_false-unreach-call_true-termination.cil.-O0.smt2,unknown
test/sv-benchmarks/product-lines/email_spec4_product31_false-unreach-call_true-termination.cil/email_spec4_product31_false-unreach-call_true-termination.cil.-O2.smt2,unknown
test/sv-benchmarks/product-lines/minepump_spec3_product64_false-unreach-call_false-termination.cil/minepump_spec3_product64_false-unreach-call_false-termination.cil.-O0.smt2,unsat
test/sv-benchmarks/product-lines/minepump_spec3_product64_false-unreach-call_false-termination.cil/minepump_spec3_product64_false-unreach-call_false-termination.cil.-O2.smt2,unsat
test/sv-benchmarks/product-lines/minepump_spec2_product11_true-unreach-call_false-termination.cil/minepump_spec2_product11_true-unreach-call_false-termination.cil.-O0.smt2,sat
test/sv-benchmarks/product-lines/minepump_spec2_product11_true-unreach-call_false-termination.cil/minepump_spec2_product11_true-unreach-call_false-termination.cil.-O2.smt2,sat
test/sv-benchmarks/product-lines/minepump_spec3_product25_false-unreach-call_false-termination.cil/minepump_spec3_product25_false-unreach-call_false-termination.cil.-O0.smt2,unsat
test/sv-benchmarks/product-lines/minepump_spec3_product25_false-unreach-call_false-termination.cil/minepump_spec3_product25_false-unreach-call_false-termination.cil.-O2.smt2,unsat
test/sv-benchmarks/product-lines/minepump_spec2_product24_true-unreach-call_false-termination.cil/minepump_spec2_product24_true-unreach-call_false-termination.cil.-O2.smt2,sat
test/sv-benchmarks/product-lines/minepump_spec2_product24_true-unreach-call_false-termination.cil/minepump_spec2_product24_true-unreach-call_false-termination.cil.-O0.smt2,sat
test/sv-benchmarks/product-lines/minepump_spec2_product50_true-unreach-call_false-termination.cil/minepump_spec2_product50_true-unreach-call_false-termination.cil.-O0.smt2,sat
test/sv-benchmarks/product-lines/minepump_spec2_product50_true-unreach-call_false-termination.cil/minepump_spec2_product50_true-unreach-call_false-termination.cil.-O2.smt2,sat
test/sv-benchmarks/product-lines/email_spec11_product22_false-unreach-call_true-termination.cil/email_spec11_product22_false-unreach-call_true-termination.cil.-O2.smt2,unsat
test/sv-benchmarks/product-lines/email_spec11_product22_false-unreach-call_true-termination.cil/email_spec11_product22_false-unreach-call_true-termination.cil.-O0.smt2,unknown
test/sv-benchmarks/product-lines/minepump_spec3_product60_false-unreach-call_false-termination.cil/minepump_spec3_product60_false-unreach-call_false-termination.cil.-O2.smt2,unsat
test/sv-benchmarks/product-lines/minepump_spec3_product60_false-unreach-call_false-termination.cil/minepump_spec3_product60_false-unreach-call_false-termination.cil.-O0.smt2,unsat
test/sv-benchmarks/product-lines/minepump_spec2_product51_true-unreach-call_false-termination.cil/minepump_spec2_product51_true-unreach-call_false-termination.cil.-O2.smt2,sat
test/sv-benchmarks/product-lines/minepump_spec2_product51_true-unreach-call_false-termination.cil/minepump_spec2_product51_true-unreach-call_false-termination.cil.-O0.smt2,sat
test/sv-benchmarks/product-lines/minepump_spec2_product64_true-unreach-call_false-termination.cil/minepump_spec2_product64_true-unreach-call_false-termination.cil.-O0.smt2,sat
test/sv-benchmarks/product-lines/minepump_spec2_product64_true-unreach-call_false-termination.cil/minepump_spec2_product64_true-unreach-call_false-termination.cil.-O2.smt2,sat
test/sv-benchmarks/product-lines/minepump_spec4_product36_false-unreach-call_false-termination.cil/minepump_spec4_product36_false-unreach-call_false-termination.cil.-O0.smt2,unsat
test/sv-benchmarks/product-lines/minepump_spec4_product36_false-unreach-call_false-termination.cil/minepump_spec4_product36_false-unreach-call_false-termination.cil.-O2.smt2,unsat
test/sv-benchmarks/product-lines/email_spec4_product30_false-unreach-call_true-termination.cil/email_spec4_product30_false-unreach-call_true-termination.cil.-O2.smt2,unknown
test/sv-benchmarks/product-lines/email_spec4_product30_false-unreach-call_true-termination.cil/email_spec4_product30_false-unreach-call_true-termination.cil.-O0.smt2,unknown
test/sv-benchmarks/product-lines/elevator_spec2_product24_false-unreach-call_true-termination.cil/elevator_spec2_product24_false-unreach-call_true-termination.cil.-O2.smt2,unknown
test/sv-benchmarks/product-lines/elevator_spec2_product24_false-unreach-call_true-termination.cil/elevator_spec2_product24_false-unreach-call_true-termination.cil.-O0.smt2,unknown
test/sv-benchmarks/product-lines/email_spec4_product13_true-unreach-call_true-termination.cil/email_spec4_product13_true-unreach-call_true-termination.cil.-O0.smt2,unknown
test/sv-benchmarks/product-lines/email_spec4_product13_true-unreach-call_true-termination.cil/email_spec4_product13_true-unreach-call_true-termination.cil.-O2.smt2,sat
test/sv-benchmarks/product-lines/minepump_spec2_product25_true-unreach-call_false-termination.cil/minepump_spec2_product25_true-unreach-call_false-termination.cil.-O0.smt2,sat
test/sv-benchmarks/product-lines/minepump_spec2_product25_true-unreach-call_false-termination.cil/minepump_spec2_product25_true-unreach-call_false-termination.cil.-O2.smt2,sat
test/sv-benchmarks/product-lines/minepump_spec2_product10_true-unreach-call_false-termination.cil/minepump_spec2_product10_true-unreach-call_false-termination.cil.-O2.smt2,sat
test/sv-benchmarks/product-lines/minepump_spec2_product10_true-unreach-call_false-termination.cil/minepump_spec2_product10_true-unreach-call_false-termination.cil.-O0.smt2,sat
test/sv-benchmarks/product-lines/minepump_spec3_product35_false-unreach-call_false-termination.cil/minepump_spec3_product35_false-unreach-call_false-termination.cil.-O2.smt2,unsat
test/sv-benchmarks/product-lines/minepump_spec3_product35_false-unreach-call_false-termination.cil/minepump_spec3_product35_false-unreach-call_false-termination.cil.-O0.smt2,unsat
test/sv-benchmarks/product-lines/email_spec8_product14_true-unreach-call_true-termination.cil/email_spec8_product14_true-unreach-call_true-termination.cil.-O0.smt2,unknown
test/sv-benchmarks/product-lines/email_spec8_product14_true-unreach-call_true-termination.cil/email_spec8_product14_true-unreach-call_true-termination.cil.-O2.smt2,unknown
test/sv-benchmarks/product-lines/minepump_spec3_product50_true-unreach-call_false-termination.cil/minepump_spec3_product50_true-unreach-call_false-termination.cil.-O0.smt2,sat
test/sv-benchmarks/product-lines/minepump_spec3_product50_true-unreach-call_false-termination.cil/minepump_spec3_product50_true-unreach-call_false-termination.cil.-O2.smt2,sat
test/sv-benchmarks/product-lines/minepump_spec1_product26_true-unreach-call_false-termination.cil/minepump_spec1_product26_true-unreach-call_false-termination.cil.-O2.smt2,sat
test/sv-benchmarks/product-lines/minepump_spec1_product26_true-unreach-call_false-termination.cil/minepump_spec1_product26_true-unreach-call_false-termination.cil.-O0.smt2,sat
test/sv-benchmarks/product-lines/minepump_spec4_product09_true-unreach-call_false-termination.cil/minepump_spec4_product09_true-unreach-call_false-termination.cil.-O2.smt2,sat
test/sv-benchmarks/product-lines/minepump_spec4_product09_true-unreach-call_false-termination.cil/minepump_spec4_product09_true-unreach-call_false-termination.cil.-O0.smt2,sat
test/sv-benchmarks/product-lines/minepump_spec1_product13_true-unreach-call_false-termination.cil/minepump_spec1_product13_true-unreach-call_false-termination.cil.-O0.smt2,sat
test/sv-benchmarks/product-lines/minepump_spec1_product13_true-unreach-call_false-termination.cil/minepump_spec1_product13_true-unreach-call_false-termination.cil.-O2.smt2,sat
test/sv-benchmarks/product-lines/minepump_spec4_product32_true-unreach-call_false-termination.cil/minepump_spec4_product32_true-unreach-call_false-termination.cil.-O2.smt2,sat
test/sv-benchmarks/product-lines/minepump_spec4_product32_true-unreach-call_false-termination.cil/minepump_spec4_product32_true-unreach-call_false-termination.cil.-O0.smt2,sat
test/sv-benchmarks/product-lines/elevator_spec14_product28_false-unreach-call_true-termination.cil/elevator_spec14_product28_false-unreach-call_true-termination.cil.-O2.smt2,unknown
test/sv-benchmarks/product-lines/elevator_spec14_product28_false-unreach-call_true-termination.cil/elevator_spec14_product28_false-unreach-call_true-termination.cil.-O0.smt2,unknown
test/sv-benchmarks/product-lines/minepump_spec1_product28_true-unreach-call_false-termination.cil/minepump_spec1_product28_true-unreach-call_false-termination.cil.-O0.smt2,sat
test/sv-benchmarks/product-lines/minepump_spec1_product28_true-unreach-call_false-termination.cil/minepump_spec1_product28_true-unreach-call_false-termination.cil.-O2.smt2,sat
test/sv-benchmarks/product-lines/email_spec7_product33_false-unreach-call_true-termination.cil/email_spec7_product33_false-unreach-call_true-termination.cil.-O0.smt2,unknown
test/sv-benchmarks/product-lines/email_spec7_product33_false-unreach-call_true-termination.cil/email_spec7_product33_false-unreach-call_true-termination.cil.-O2.smt2,unsat
test/sv-benchmarks/product-lines/minepump_spec4_product07_true-unreach-call_false-termination.cil/minepump_spec4_product07_true-unreach-call_false-termination.cil.-O0.smt2,sat
test/sv-benchmarks/product-lines/minepump_spec4_product07_true-unreach-call_false-termination.cil/minepump_spec4_product07_true-unreach-call_false-termination.cil.-O2.smt2,sat
test/sv-benchmarks/product-lines/email_spec11_product27_true-unreach-call_true-termination.cil/email_spec11_product27_true-unreach-call_true-termination.cil.-O0.smt2,sat
test/sv-benchmarks/product-lines/email_spec11_product27_true-unreach-call_true-termination.cil/email_spec11_product27_true-unreach-call_true-termination.cil.-O2.smt2,sat
test/sv-benchmarks/product-lines/email_spec8_product34_false-unreach-call_true-termination.cil/email_spec8_product34_false-unreach-call_true-termination.cil.-O2.smt2,unknown
test/sv-benchmarks/product-lines/email_spec8_product34_false-unreach-call_true-termination.cil/email_spec8_product34_false-unreach-call_true-termination.cil.-O0.smt2,unknown
test/sv-benchmarks/product-lines/minepump_spec3_product08_false-unreach-call_false-termination.cil/minepump_spec3_product08_false-unreach-call_false-termination.cil.-O2.smt2,unsat
test/sv-benchmarks/product-lines/minepump_spec3_product08_false-unreach-call_false-termination.cil/minepump_spec3_product08_false-unreach-call_false-termination.cil.-O0.smt2,unsat
test/sv-benchmarks/product-lines/minepump_spec5_product49_true-unreach-call_false-termination.cil/minepump_spec5_product49_true-unreach-call_false-termination.cil.-O0.smt2,sat
test/sv-benchmarks/product-lines/minepump_spec5_product49_true-unreach-call_false-termination.cil/minepump_spec5_product49_true-unreach-call_false-termination.cil.-O2.smt2,sat
test/sv-benchmarks/product-lines/elevator_spec2_product23_true-unreach-call_true-termination.cil/elevator_spec2_product23_true-unreach-call_true-termination.cil.-O0.smt2,unknown
test/sv-benchmarks/product-lines/elevator_spec2_product23_true-unreach-call_true-termination.cil/elevator_spec2_product23_true-unreach-call_true-termination.cil.-O2.smt2,unknown
test/sv-benchmarks/product-lines/email_spec9_product35_false-unreach-call_true-termination.cil/email_spec9_product35_false-unreach-call_true-termination.cil.-O0.smt2,unknown
test/sv-benchmarks/product-lines/email_spec9_product35_false-unreach-call_true-termination.cil/email_spec9_product35_false-unreach-call_true-termination.cil.-O2.smt2,unknown
test/sv-benchmarks/product-lines/minepump_spec5_product47_true-unreach-call_false-termination.cil/minepump_spec5_product47_true-unreach-call_false-termination.cil.-O2.smt2,sat
test/sv-benchmarks/product-lines/minepump_spec5_product47_true-unreach-call_false-termination.cil/minepump_spec5_product47_true-unreach-call_false-termination.cil.-O0.smt2,sat
test/sv-benchmarks/product-lines/minepump_spec5_product08_true-unreach-call_false-termination.cil/minepump_spec5_product08_true-unreach-call_false-termination.cil.-O0.smt2,sat
test/sv-benchmarks/product-lines/minepump_spec5_product08_true-unreach-call_false-termination.cil/minepump_spec5_product08_true-unreach-call_false-termination.cil.-O2.smt2,sat
test/sv-benchmarks/product-lines/email_spec3_product13_false-unreach-call_true-termination.cil/email_spec3_product13_false-unreach-call_true-termination.cil.-O0.smt2,unknown
test/sv-benchmarks/product-lines/email_spec3_product13_false-unreach-call_true-termination.cil/email_spec3_product13_false-unreach-call_true-termination.cil.-O2.smt2,unsat
test/sv-benchmarks/product-lines/email_spec6_product32_false-unreach-call_true-termination.cil/email_spec6_product32_false-unreach-call_true-termination.cil.-O2.smt2,unsat
test/sv-benchmarks/product-lines/email_spec6_product32_false-unreach-call_true-termination.cil/email_spec6_product32_false-unreach-call_true-termination.cil.-O0.smt2,unknown
test/sv-benchmarks/product-lines/elevator_spec3_product18_true-unreach-call_true-termination.cil/elevator_spec3_product18_true-unreach-call_true-termination.cil.-O0.smt2,unknown
test/sv-benchmarks/product-lines/elevator_spec3_product18_true-unreach-call_true-termination.cil/elevator_spec3_product18_true-unreach-call_true-termination.cil.-O2.smt2,unknown
test/sv-benchmarks/product-lines/minepump_spec5_product06_true-unreach-call_false-termination.cil/minepump_spec5_product06_true-unreach-call_false-termination.cil.-O2.smt2,sat
test/sv-benchmarks/product-lines/minepump_spec5_product06_true-unreach-call_false-termination.cil/minepump_spec5_product06_true-unreach-call_false-termination.cil.-O0.smt2,sat
test/sv-benchmarks/product-lines/email_spec3_product28_false-unreach-call_true-termination.cil/email_spec3_product28_false-unreach-call_true-termination.cil.-O0.smt2,unknown
test/sv-benchmarks/product-lines/email_spec3_product28_false-unreach-call_true-termination.cil/email_spec3_product28_false-unreach-call_true-termination.cil.-O2.smt2,unsat
test/sv-benchmarks/product-lines/minepump_spec5_product33_true-unreach-call_false-termination.cil/minepump_spec5_product33_true-unreach-call_false-termination.cil.-O0.smt2,sat
test/sv-benchmarks/product-lines/minepump_spec5_product33_true-unreach-call_false-termination.cil/minepump_spec5_product33_true-unreach-call_false-termination.cil.-O2.smt2,sat
test/sv-benchmarks/product-lines/minepump_spec5_product45_true-unreach-call_false-termination.cil/minepump_spec5_product45_true-unreach-call_false-termination.cil.-O2.smt2,sat
test/sv-benchmarks/product-lines/minepump_spec5_product45_true-unreach-call_false-termination.cil/minepump_spec5_product45_true-unreach-call_false-termination.cil.-O0.smt2,sat
test/sv-benchmarks/product-lines/email_spec9_product29_true-unreach-call_true-termination.cil/email_spec9_product29_true-unreach-call_true-termination.cil.-O0.smt2,unknown
test/sv-benchmarks/product-lines/email_spec9_product29_true-unreach-call_true-termination.cil/email_spec9_product29_true-unreach-call_true-termination.cil.-O2.smt2,unknown
test/sv-benchmarks/product-lines/elevator_spec2_product03_true-unreach-call_true-termination.cil/elevator_spec2_product03_true-unreach-call_true-termination.cil.-O0.smt2,unknown
test/sv-benchmarks/product-lines/elevator_spec2_product03_true-unreach-call_true-termination.cil/elevator_spec2_product03_true-unreach-call_true-termination.cil.-O2.smt2,unknown
test/sv-benchmarks/product-lines/minepump_spec5_product31_true-unreach-call_false-termination.cil/minepump_spec5_product31_true-unreach-call_false-termination.cil.-O0.smt2,sat
test/sv-benchmarks/product-lines/minepump_spec5_product31_true-unreach-call_false-termination.cil/minepump_spec5_product31_true-unreach-call_false-termination.cil.-O2.smt2,sat
test/sv-benchmarks/product-lines/minepump_spec5_product04_true-unreach-call_false-termination.cil/minepump_spec5_product04_true-unreach-call_false-termination.cil.-O2.smt2,sat
test/sv-benchmarks/product-lines/minepump_spec5_product04_true-unreach-call_false-termination.cil/minepump_spec5_product04_true-unreach-call_false-termination.cil.-O0.smt2,sat
test/sv-benchmarks/product-lines/email_spec6_product30_false-unreach-call_true-termination.cil/email_spec6_product30_false-unreach-call_true-termination.cil.-O2.smt2,unsat
test/sv-benchmarks/product-lines/email_spec6_product30_false-unreach-call_true-termination.cil/email_spec6_product30_false-unreach-call_true-termination.cil.-O0.smt2,unknown
test/sv-benchmarks/product-lines/email_spec3_product24_false-unreach-call_true-termination.cil/email_spec3_product24_false-unreach-call_true-termination.cil.-O2.smt2,unsat
test/sv-benchmarks/product-lines/email_spec3_product24_false-unreach-call_true-termination.cil/email_spec3_product24_false-unreach-call_true-termination.cil.-O0.smt2,unknown
test/sv-benchmarks/product-lines/email_spec8_product12_true-unreach-call_true-termination.cil/email_spec8_product12_true-unreach-call_true-termination.cil.-O0.smt2,unknown
test/sv-benchmarks/product-lines/email_spec8_product12_true-unreach-call_true-termination.cil/email_spec8_product12_true-unreach-call_true-termination.cil.-O2.smt2,sat
test/sv-benchmarks/product-lines/email_spec0_product10_true-unreach-call_true-termination.cil/email_spec0_product10_true-unreach-call_true-termination.cil.-O2.smt2,sat
test/sv-benchmarks/product-lines/email_spec0_product10_true-unreach-call_true-termination.cil/email_spec0_product10_true-unreach-call_true-termination.cil.-O0.smt2,sat
test/sv-benchmarks/product-lines/minepump_spec4_product05_true-unreach-call_false-termination.cil/minepump_spec4_product05_true-unreach-call_false-termination.cil.-O0.smt2,sat
test/sv-benchmarks/product-lines/minepump_spec4_product05_true-unreach-call_false-termination.cil/minepump_spec4_product05_true-unreach-call_false-termination.cil.-O2.smt2,sat
test/sv-benchmarks/product-lines/email_spec7_product31_false-unreach-call_true-termination.cil/email_spec7_product31_false-unreach-call_true-termination.cil.-O0.smt2,unknown
test/sv-benchmarks/product-lines/email_spec7_product31_false-unreach-call_true-termination.cil/email_spec7_product31_false-unreach-call_true-termination.cil.-O2.smt2,unsat
test/sv-benchmarks/product-lines/minepump_spec4_product30_true-unreach-call_false-termination.cil/minepump_spec4_product30_true-unreach-call_false-termination.cil.-O2.smt2,sat
test/sv-benchmarks/product-lines/minepump_spec4_product30_true-unreach-call_false-termination.cil/minepump_spec4_product30_true-unreach-call_false-termination.cil.-O0.smt2,sat
test/sv-benchmarks/product-lines/minepump_spec1_product38_false-unreach-call_false-termination.cil/minepump_spec1_product38_false-unreach-call_false-termination.cil.-O2.smt2,unsat
test/sv-benchmarks/product-lines/minepump_spec1_product38_false-unreach-call_false-termination.cil/minepump_spec1_product38_false-unreach-call_false-termination.cil.-O0.smt2,unsat
test/sv-benchmarks/product-lines/elevator_spec14_product24_false-unreach-call_true-termination.cil/elevator_spec14_product24_false-unreach-call_true-termination.cil.-O0.smt2,unknown
test/sv-benchmarks/product-lines/elevator_spec14_product24_false-unreach-call_true-termination.cil/elevator_spec14_product24_false-unreach-call_true-termination.cil.-O2.smt2,unknown
test/sv-benchmarks/product-lines/minepump_spec1_product11_true-unreach-call_false-termination.cil/minepump_spec1_product11_true-unreach-call_false-termination.cil.-O0.smt2,sat
test/sv-benchmarks/product-lines/minepump_spec1_product11_true-unreach-call_false-termination.cil/minepump_spec1_product11_true-unreach-call_false-termination.cil.-O2.smt2,sat
test/sv-benchmarks/product-lines/minepump_spec1_product24_true-unreach-call_false-termination.cil/minepump_spec1_product24_true-unreach-call_false-termination.cil.-O2.smt2,sat
test/sv-benchmarks/product-lines/minepump_spec1_product24_true-unreach-call_false-termination.cil/minepump_spec1_product24_true-unreach-call_false-termination.cil.-O0.smt2,sat
test/sv-benchmarks/product-lines/minepump_spec4_product42_false-unreach-call_false-termination.cil/minepump_spec4_product42_false-unreach-call_false-termination.cil.-O2.smt2,unsat
test/sv-benchmarks/product-lines/minepump_spec4_product42_false-unreach-call_false-termination.cil/minepump_spec4_product42_false-unreach-call_false-termination.cil.-O0.smt2,unsat
test/sv-benchmarks/product-lines/minepump_spec3_product55_false-unreach-call_false-termination.cil/minepump_spec3_product55_false-unreach-call_false-termination.cil.-O0.smt2,unsat
test/sv-benchmarks/product-lines/minepump_spec3_product55_false-unreach-call_false-termination.cil/minepump_spec3_product55_false-unreach-call_false-termination.cil.-O2.smt2,unsat
test/sv-benchmarks/product-lines/elevator_spec13_product29_true-unreach-call_false-termination.cil/elevator_spec13_product29_true-unreach-call_false-termination.cil.-O2.smt2,unknown
test/sv-benchmarks/product-lines/elevator_spec13_product29_true-unreach-call_false-termination.cil/elevator_spec13_product29_true-unreach-call_false-termination.cil.-O0.smt2,unknown
test/sv-benchmarks/product-lines/minepump_spec3_product14_false-unreach-call_false-termination.cil/minepump_spec3_product14_false-unreach-call_false-termination.cil.-O0.smt2,unsat
test/sv-benchmarks/product-lines/minepump_spec3_product14_false-unreach-call_false-termination.cil/minepump_spec3_product14_false-unreach-call_false-termination.cil.-O2.smt2,unsat
test/sv-benchmarks/product-lines/elevator_spec2_product25_true-unreach-call_true-termination.cil/elevator_spec2_product25_true-unreach-call_true-termination.cil.-O0.smt2,unknown
test/sv-benchmarks/product-lines/elevator_spec2_product25_true-unreach-call_true-termination.cil/elevator_spec2_product25_true-unreach-call_true-termination.cil.-O2.smt2,unknown
test/sv-benchmarks/product-lines/email_spec27_product35_false-unreach-call_true-termination.cil/email_spec27_product35_false-unreach-call_true-termination.cil.-O0.smt2,unknown
test/sv-benchmarks/product-lines/email_spec27_product35_false-unreach-call_true-termination.cil/email_spec27_product35_false-unreach-call_true-termination.cil.-O2.smt2,unknown
test/sv-benchmarks/product-lines/minepump_spec1_product44_false-unreach-call_false-termination.cil/minepump_spec1_product44_false-unreach-call_false-termination.cil.-O2.smt2,unsat
test/sv-benchmarks/product-lines/minepump_spec1_product44_false-unreach-call_false-termination.cil/minepump_spec1_product44_false-unreach-call_false-termination.cil.-O0.smt2,unsat
test/sv-benchmarks/product-lines/email_spec27_productSimulator_false-unreach-call_true-termination.cil/email_spec27_productSimulator_false-unreach-call_true-termination.cil.-O0.smt2,unknown
test/sv-benchmarks/product-lines/email_spec27_productSimulator_false-unreach-call_true-termination.cil/email_spec27_productSimulator_false-unreach-call_true-termination.cil.-O2.smt2,unknown
test/sv-benchmarks/product-lines/minepump_spec2_product53_true-unreach-call_false-termination.cil/minepump_spec2_product53_true-unreach-call_false-termination.cil.-O2.smt2,sat
test/sv-benchmarks/product-lines/minepump_spec2_product53_true-unreach-call_false-termination.cil/minepump_spec2_product53_true-unreach-call_false-termination.cil.-O0.smt2,sat
test/sv-benchmarks/product-lines/minepump_spec2_product34_false-unreach-call_false-termination.cil/minepump_spec2_product34_false-unreach-call_false-termination.cil.-O2.smt2,unsat
test/sv-benchmarks/product-lines/minepump_spec2_product34_false-unreach-call_false-termination.cil/minepump_spec2_product34_false-unreach-call_false-termination.cil.-O0.smt2,unsat
test/sv-benchmarks/product-lines/minepump_spec2_product12_true-unreach-call_false-termination.cil/minepump_spec2_product12_true-unreach-call_false-termination.cil.-O2.smt2,sat
test/sv-benchmarks/product-lines/minepump_spec2_product12_true-unreach-call_false-termination.cil/minepump_spec2_product12_true-unreach-call_false-termination.cil.-O0.smt2,sat
test/sv-benchmarks/product-lines/minepump_spec1_product50_false-unreach-call_false-termination.cil/minepump_spec1_product50_false-unreach-call_false-termination.cil.-O2.smt2,unsat
test/sv-benchmarks/product-lines/minepump_spec1_product50_false-unreach-call_false-termination.cil/minepump_spec1_product50_false-unreach-call_false-termination.cil.-O0.smt2,unsat
test/sv-benchmarks/product-lines/elevator_spec2_product28_false-unreach-call_true-termination.cil/elevator_spec2_product28_false-unreach-call_true-termination.cil.-O0.smt2,unknown
test/sv-benchmarks/product-lines/elevator_spec2_product28_false-unreach-call_true-termination.cil/elevator_spec2_product28_false-unreach-call_true-termination.cil.-O2.smt2,unknown
test/sv-benchmarks/product-lines/minepump_spec2_product27_true-unreach-call_false-termination.cil/minepump_spec2_product27_true-unreach-call_false-termination.cil.-O0.smt2,sat
test/sv-benchmarks/product-lines/minepump_spec2_product27_true-unreach-call_false-termination.cil/minepump_spec2_product27_true-unreach-call_false-termination.cil.-O2.smt2,sat
test/sv-benchmarks/product-lines/email_spec4_product32_false-unreach-call_true-termination.cil/email_spec4_product32_false-unreach-call_true-termination.cil.-O2.smt2,unknown
test/sv-benchmarks/product-lines/email_spec4_product32_false-unreach-call_true-termination.cil/email_spec4_product32_false-unreach-call_true-termination.cil.-O0.smt2,unknown
test/sv-benchmarks/product-lines/elevator_spec2_product26_false-unreach-call_true-termination.cil/elevator_spec2_product26_false-unreach-call_true-termination.cil.-O2.smt2,unknown
test/sv-benchmarks/product-lines/elevator_spec2_product26_false-unreach-call_true-termination.cil/elevator_spec2_product26_false-unreach-call_true-termination.cil.-O0.smt2,unknown
test/sv-benchmarks/product-lines/minepump_spec2_product29_true-unreach-call_false-termination.cil/minepump_spec2_product29_true-unreach-call_false-termination.cil.-O2.smt2,sat
test/sv-benchmarks/product-lines/minepump_spec2_product29_true-unreach-call_false-termination.cil/minepump_spec2_product29_true-unreach-call_false-termination.cil.-O0.smt2,sat
test/sv-benchmarks/product-lines/minepump_spec2_product26_true-unreach-call_false-termination.cil/minepump_spec2_product26_true-unreach-call_false-termination.cil.-O2.smt2,sat
test/sv-benchmarks/product-lines/minepump_spec2_product26_true-unreach-call_false-termination.cil/minepump_spec2_product26_true-unreach-call_false-termination.cil.-O0.smt2,sat
test/sv-benchmarks/product-lines/minepump_spec2_product13_true-unreach-call_false-termination.cil/minepump_spec2_product13_true-unreach-call_false-termination.cil.-O0.smt2,sat
test/sv-benchmarks/product-lines/minepump_spec2_product13_true-unreach-call_false-termination.cil/minepump_spec2_product13_true-unreach-call_false-termination.cil.-O2.smt2,sat
test/sv-benchmarks/product-lines/minepump_spec3_product39_false-unreach-call_false-termination.cil/minepump_spec3_product39_false-unreach-call_false-termination.cil.-O2.smt2,unsat
test/sv-benchmarks/product-lines/minepump_spec3_product39_false-unreach-call_false-termination.cil/minepump_spec3_product39_false-unreach-call_false-termination.cil.-O0.smt2,unsat
test/sv-benchmarks/product-lines/minepump_spec2_product28_true-unreach-call_false-termination.cil/minepump_spec2_product28_true-unreach-call_false-termination.cil.-O0.smt2,sat
test/sv-benchmarks/product-lines/minepump_spec2_product28_true-unreach-call_false-termination.cil/minepump_spec2_product28_true-unreach-call_false-termination.cil.-O2.smt2,sat
test/sv-benchmarks/product-lines/email_spec4_product33_false-unreach-call_true-termination.cil/email_spec4_product33_false-unreach-call_true-termination.cil.-O0.smt2,unknown
test/sv-benchmarks/product-lines/email_spec4_product33_false-unreach-call_true-termination.cil/email_spec4_product33_false-unreach-call_true-termination.cil.-O2.smt2,unknown
test/sv-benchmarks/product-lines/minepump_spec2_product52_true-unreach-call_false-termination.cil/minepump_spec2_product52_true-unreach-call_false-termination.cil.-O0.smt2,sat
test/sv-benchmarks/product-lines/minepump_spec2_product52_true-unreach-call_false-termination.cil/minepump_spec2_product52_true-unreach-call_false-termination.cil.-O2.smt2,sat
test/sv-benchmarks/product-lines/minepump_spec1_product54_false-unreach-call_false-termination.cil/minepump_spec1_product54_false-unreach-call_false-termination.cil.-O0.smt2,unsat
test/sv-benchmarks/product-lines/minepump_spec1_product54_false-unreach-call_false-termination.cil/minepump_spec1_product54_false-unreach-call_false-termination.cil.-O2.smt2,unsat
test/sv-benchmarks/product-lines/email_spec11_product20_false-unreach-call_true-termination.cil/email_spec11_product20_false-unreach-call_true-termination.cil.-O2.smt2,unsat
test/sv-benchmarks/product-lines/email_spec11_product20_false-unreach-call_true-termination.cil/email_spec11_product20_false-unreach-call_true-termination.cil.-O0.smt2,unknown
test/sv-benchmarks/product-lines/email_spec11_product15_false-unreach-call_true-termination.cil/email_spec11_product15_false-unreach-call_true-termination.cil.-O0.smt2,unknown
test/sv-benchmarks/product-lines/email_spec11_product15_false-unreach-call_true-termination.cil/email_spec11_product15_false-unreach-call_true-termination.cil.-O2.smt2,unsat
test/sv-benchmarks/product-lines/elevator_spec14_product19_true-unreach-call_true-termination.cil/elevator_spec14_product19_true-unreach-call_true-termination.cil.-O2.smt2,unknown
test/sv-benchmarks/product-lines/elevator_spec14_product19_true-unreach-call_true-termination.cil/elevator_spec14_product19_true-unreach-call_true-termination.cil.-O0.smt2,unknown
test/sv-benchmarks/product-lines/email_spec11_productSimulator_false-unreach-call_true-termination.cil/email_spec11_productSimulator_false-unreach-call_true-termination.cil.-O2.smt2,unknown
test/sv-benchmarks/product-lines/email_spec11_productSimulator_false-unreach-call_true-termination.cil/email_spec11_productSimulator_false-unreach-call_true-termination.cil.-O0.smt2,unknown
test/sv-benchmarks/product-lines/minepump_spec3_product53_true-unreach-call_false-termination.cil/minepump_spec3_product53_true-unreach-call_false-termination.cil.-O2.smt2,sat
test/sv-benchmarks/product-lines/minepump_spec3_product53_true-unreach-call_false-termination.cil/minepump_spec3_product53_true-unreach-call_false-termination.cil.-O0.smt2,sat
test/sv-benchmarks/product-lines/email_spec8_productSimulator_false-unreach-call_true-termination.cil/email_spec8_productSimulator_false-unreach-call_true-termination.cil.-O0.smt2,unknown
test/sv-benchmarks/product-lines/email_spec8_productSimulator_false-unreach-call_true-termination.cil/email_spec8_productSimulator_false-unreach-call_true-termination.cil.-O2.smt2,unknown
test/sv-benchmarks/product-lines/email_spec0_product26_false-unreach-call_true-termination.cil/email_spec0_product26_false-unreach-call_true-termination.cil.-O2.smt2,unknown
test/sv-benchmarks/product-lines/email_spec0_product26_false-unreach-call_true-termination.cil/email_spec0_product26_false-unreach-call_true-termination.cil.-O0.smt2,unknown
test/sv-benchmarks/product-lines/minepump_spec1_product40_false-unreach-call_false-termination.cil/minepump_spec1_product40_false-unreach-call_false-termination.cil.-O0.smt2,unsat
test/sv-benchmarks/product-lines/minepump_spec1_product40_false-unreach-call_false-termination.cil/minepump_spec1_product40_false-unreach-call_false-termination.cil.-O2.smt2,unsat
test/sv-benchmarks/product-lines/elevator_spec3_product28_false-unreach-call_true-termination.cil/elevator_spec3_product28_false-unreach-call_true-termination.cil.-O0.smt2,unknown
test/sv-benchmarks/product-lines/elevator_spec3_product28_false-unreach-call_true-termination.cil/elevator_spec3_product28_false-unreach-call_true-termination.cil.-O2.smt2,unknown
test/sv-benchmarks/product-lines/email_spec27_product34_false-unreach-call_true-termination.cil/email_spec27_product34_false-unreach-call_true-termination.cil.-O2.smt2,unknown
test/sv-benchmarks/product-lines/email_spec27_product34_false-unreach-call_true-termination.cil/email_spec27_product34_false-unreach-call_true-termination.cil.-O0.smt2,unknown
test/sv-benchmarks/product-lines/elevator_spec9_product29_true-unreach-call_true-termination.cil/elevator_spec9_product29_true-unreach-call_true-termination.cil.-O0.smt2,unknown
test/sv-benchmarks/product-lines/elevator_spec9_product29_true-unreach-call_true-termination.cil/elevator_spec9_product29_true-unreach-call_true-termination.cil.-O2.smt2,unknown
test/sv-benchmarks/product-lines/minepump_spec1_product64_true-unreach-call_false-termination.cil/minepump_spec1_product64_true-unreach-call_false-termination.cil.-O0.smt2,sat
test/sv-benchmarks/product-lines/minepump_spec1_product64_true-unreach-call_false-termination.cil/minepump_spec1_product64_true-unreach-call_false-termination.cil.-O2.smt2,sat
test/sv-benchmarks/product-lines/minepump_spec4_product46_false-unreach-call_false-termination.cil/minepump_spec4_product46_false-unreach-call_false-termination.cil.-O0.smt2,unsat
test/sv-benchmarks/product-lines/minepump_spec4_product46_false-unreach-call_false-termination.cil/minepump_spec4_product46_false-unreach-call_false-termination.cil.-O2.smt2,unsat
test/sv-benchmarks/product-lines/minepump_spec4_product31_true-unreach-call_false-termination.cil/minepump_spec4_product31_true-unreach-call_false-termination.cil.-O0.smt2,sat
test/sv-benchmarks/product-lines/minepump_spec4_product31_true-unreach-call_false-termination.cil/minepump_spec4_product31_true-unreach-call_false-termination.cil.-O2.smt2,sat
test/sv-benchmarks/product-lines/minepump_spec4_product04_true-unreach-call_false-termination.cil/minepump_spec4_product04_true-unreach-call_false-termination.cil.-O2.smt2,sat
test/sv-benchmarks/product-lines/minepump_spec4_product04_true-unreach-call_false-termination.cil/minepump_spec4_product04_true-unreach-call_false-termination.cil.-O0.smt2,sat
test/sv-benchmarks/product-lines/email_spec7_product30_false-unreach-call_true-termination.cil/email_spec7_product30_false-unreach-call_true-termination.cil.-O2.smt2,unsat
test/sv-benchmarks/product-lines/email_spec7_product30_false-unreach-call_true-termination.cil/email_spec7_product30_false-unreach-call_true-termination.cil.-O0.smt2,unknown
test/sv-benchmarks/product-lines/elevator_spec1_product24_false-unreach-call_true-termination.cil/elevator_spec1_product24_false-unreach-call_true-termination.cil.-O2.smt2,unknown
test/sv-benchmarks/product-lines/elevator_spec1_product24_false-unreach-call_true-termination.cil/elevator_spec1_product24_false-unreach-call_true-termination.cil.-O0.smt2,unknown
test/sv-benchmarks/product-lines/minepump_spec3_product51_false-unreach-call_false-termination.cil/minepump_spec3_product51_false-unreach-call_false-termination.cil.-O2.smt2,unsat
test/sv-benchmarks/product-lines/minepump_spec3_product51_false-unreach-call_false-termination.cil/minepump_spec3_product51_false-unreach-call_false-termination.cil.-O0.smt2,unsat
test/sv-benchmarks/product-lines/minepump_spec1_product25_true-unreach-call_false-termination.cil/minepump_spec1_product25_true-unreach-call_false-termination.cil.-O0.smt2,sat
test/sv-benchmarks/product-lines/minepump_spec1_product25_true-unreach-call_false-termination.cil/minepump_spec1_product25_true-unreach-call_false-termination.cil.-O2.smt2,sat
test/sv-benchmarks/product-lines/minepump_spec1_product10_true-unreach-call_false-termination.cil/minepump_spec1_product10_true-unreach-call_false-termination.cil.-O2.smt2,sat
test/sv-benchmarks/product-lines/minepump_spec1_product10_true-unreach-call_false-termination.cil/minepump_spec1_product10_true-unreach-call_false-termination.cil.-O0.smt2,sat
test/sv-benchmarks/product-lines/minepump_spec3_product10_false-unreach-call_false-termination.cil/minepump_spec3_product10_false-unreach-call_false-termination.cil.-O2.smt2,unsat
test/sv-benchmarks/product-lines/minepump_spec3_product10_false-unreach-call_false-termination.cil/minepump_spec3_product10_false-unreach-call_false-termination.cil.-O0.smt2,unsat
test/sv-benchmarks/product-lines/minepump_spec5_product05_true-unreach-call_false-termination.cil/minepump_spec5_product05_true-unreach-call_false-termination.cil.-O0.smt2,sat
test/sv-benchmarks/product-lines/minepump_spec5_product05_true-unreach-call_false-termination.cil/minepump_spec5_product05_true-unreach-call_false-termination.cil.-O2.smt2,sat
test/sv-benchmarks/product-lines/email_spec6_product31_false-unreach-call_true-termination.cil/email_spec6_product31_false-unreach-call_true-termination.cil.-O0.smt2,unknown
test/sv-benchmarks/product-lines/email_spec6_product31_false-unreach-call_true-termination.cil/email_spec6_product31_false-unreach-call_true-termination.cil.-O2.smt2,unsat
test/sv-benchmarks/product-lines/minepump_spec5_product30_true-unreach-call_false-termination.cil/minepump_spec5_product30_true-unreach-call_false-termination.cil.-O2.smt2,sat
test/sv-benchmarks/product-lines/minepump_spec5_product30_true-unreach-call_false-termination.cil/minepump_spec5_product30_true-unreach-call_false-termination.cil.-O0.smt2,sat
test/sv-benchmarks/product-lines/email_spec3_product25_false-unreach-call_true-termination.cil/email_spec3_product25_false-unreach-call_true-termination.cil.-O0.smt2,unknown
test/sv-benchmarks/product-lines/email_spec3_product25_false-unreach-call_true-termination.cil/email_spec3_product25_false-unreach-call_true-termination.cil.-O2.smt2,unsat
test/sv-benchmarks/product-lines/minepump_spec5_product44_true-unreach-call_false-termination.cil/minepump_spec5_product44_true-unreach-call_false-termination.cil.-O0.smt2,sat
test/sv-benchmarks/product-lines/minepump_spec5_product44_true-unreach-call_false-termination.cil/minepump_spec5_product44_true-unreach-call_false-termination.cil.-O2.smt2,sat
test/sv-benchmarks/product-lines/minepump_spec3_product04_false-unreach-call_false-termination.cil/minepump_spec3_product04_false-unreach-call_false-termination.cil.-O2.smt2,unsat
test/sv-benchmarks/product-lines/minepump_spec3_product04_false-unreach-call_false-termination.cil/minepump_spec3_product04_false-unreach-call_false-termination.cil.-O0.smt2,unsat
test/sv-benchmarks/systemc/transmitter.07_false-unreach-call_false-termination.cil/transmitter.07_false-unreach-call_false-termination.cil.-O2.smt2,unknown
test/sv-benchmarks/systemc/transmitter.07_false-unreach-call_false-termination.cil/transmitter.07_false-unreach-call_false-termination.cil.-O0.smt2,unknown
test/sv-benchmarks/systemc/transmitter.13_false-unreach-call_false-termination.cil/transmitter.13_false-unreach-call_false-termination.cil.-O2.smt2,unknown
test/sv-benchmarks/systemc/transmitter.13_false-unreach-call_false-termination.cil/transmitter.13_false-unreach-call_false-termination.cil.-O0.smt2,unknown
test/sv-benchmarks/systemc/token_ring.08_false-unreach-call_false-termination.cil/token_ring.08_false-unreach-call_false-termination.cil.-O0.smt2,unknown
test/sv-benchmarks/systemc/token_ring.08_false-unreach-call_false-termination.cil/token_ring.08_false-unreach-call_false-termination.cil.-O2.smt2,unknown
test/sv-benchmarks/systemc/transmitter.03_false-unreach-call_false-termination.cil/transmitter.03_false-unreach-call_false-termination.cil.-O0.smt2,unsat
test/sv-benchmarks/systemc/transmitter.03_false-unreach-call_false-termination.cil/transmitter.03_false-unreach-call_false-termination.cil.-O2.smt2,unsat
test/sv-benchmarks/systemc/token_ring.14_false-unreach-call_false-termination.cil/token_ring.14_false-unreach-call_false-termination.cil.-O2.smt2,unknown
test/sv-benchmarks/systemc/token_ring.14_false-unreach-call_false-termination.cil/token_ring.14_false-unreach-call_false-termination.cil.-O0.smt2,unknown
test/sv-benchmarks/systemc/token_ring.04_false-unreach-call_false-termination.cil/token_ring.04_false-unreach-call_false-termination.cil.-O0.smt2,unknown
test/sv-benchmarks/systemc/token_ring.04_false-unreach-call_false-termination.cil/token_ring.04_false-unreach-call_false-termination.cil.-O2.smt2,unknown
test/sv-benchmarks/systemc/token_ring.10_false-unreach-call_false-termination.cil/token_ring.10_false-unreach-call_false-termination.cil.-O0.smt2,unknown
test/sv-benchmarks/systemc/token_ring.10_false-unreach-call_false-termination.cil/token_ring.10_false-unreach-call_false-termination.cil.-O2.smt2,unknown
test/sv-benchmarks/systemc/token_ring.03_false-unreach-call_false-termination.cil/token_ring.03_false-unreach-call_false-termination.cil.-O2.smt2,unsat
test/sv-benchmarks/systemc/token_ring.03_false-unreach-call_false-termination.cil/token_ring.03_false-unreach-call_false-termination.cil.-O0.smt2,unsat
test/sv-benchmarks/systemc/transmitter.08_false-unreach-call_false-termination.cil/transmitter.08_false-unreach-call_false-termination.cil.-O2.smt2,unknown
test/sv-benchmarks/systemc/transmitter.08_false-unreach-call_false-termination.cil/transmitter.08_false-unreach-call_false-termination.cil.-O0.smt2,unknown
test/sv-benchmarks/systemc/token_ring.11_true-unreach-call_false-termination.cil/token_ring.11_true-unreach-call_false-termination.cil.-O0.smt2,unknown
test/sv-benchmarks/systemc/token_ring.11_true-unreach-call_false-termination.cil/token_ring.11_true-unreach-call_false-termination.cil.-O2.smt2,unknown
test/sv-benchmarks/systemc/pipeline_false-unreach-call_false-termination.cil/pipeline_false-unreach-call_false-termination.cil.-O0.smt2,unknown
test/sv-benchmarks/systemc/pipeline_false-unreach-call_false-termination.cil/pipeline_false-unreach-call_false-termination.cil.-O2.smt2,unknown
test/sv-benchmarks/systemc/token_ring.13_false-unreach-call_false-termination.cil/token_ring.13_false-unreach-call_false-termination.cil.-O0.smt2,unknown
test/sv-benchmarks/systemc/token_ring.13_false-unreach-call_false-termination.cil/token_ring.13_false-unreach-call_false-termination.cil.-O2.smt2,unknown
test/sv-benchmarks/systemc/token_ring.07_false-unreach-call_false-termination.cil/token_ring.07_false-unreach-call_false-termination.cil.-O0.smt2,unknown
test/sv-benchmarks/systemc/token_ring.07_false-unreach-call_false-termination.cil/token_ring.07_false-unreach-call_false-termination.cil.-O2.smt2,unknown
test/sv-benchmarks/systemc/token_ring.10_true-unreach-call_false-termination.cil/token_ring.10_true-unreach-call_false-termination.cil.-O2.smt2,unknown
test/sv-benchmarks/systemc/token_ring.10_true-unreach-call_false-termination.cil/token_ring.10_true-unreach-call_false-termination.cil.-O0.smt2,unknown
test/sv-benchmarks/systemc/transmitter.10_false-unreach-call_false-termination.cil/transmitter.10_false-unreach-call_false-termination.cil.-O2.smt2,unknown
test/sv-benchmarks/systemc/transmitter.10_false-unreach-call_false-termination.cil/transmitter.10_false-unreach-call_false-termination.cil.-O0.smt2,unknown
test/sv-benchmarks/systemc/token_ring.12_true-unreach-call_false-termination.cil/token_ring.12_true-unreach-call_false-termination.cil.-O2.smt2,unknown
test/sv-benchmarks/systemc/token_ring.12_true-unreach-call_false-termination.cil/token_ring.12_true-unreach-call_false-termination.cil.-O0.smt2,unknown
test/sv-benchmarks/systemc/transmitter.04_false-unreach-call_false-termination.cil/transmitter.04_false-unreach-call_false-termination.cil.-O2.smt2,unknown
test/sv-benchmarks/systemc/transmitter.04_false-unreach-call_false-termination.cil/transmitter.04_false-unreach-call_false-termination.cil.-O0.smt2,unknown
test/sv-benchmarks/systemc/token_ring.13_true-unreach-call_false-termination.cil/token_ring.13_true-unreach-call_false-termination.cil.-O0.smt2,unknown
test/sv-benchmarks/systemc/token_ring.13_true-unreach-call_false-termination.cil/token_ring.13_true-unreach-call_false-termination.cil.-O2.smt2,unknown
test/sv-benchmarks/systemc/bist_cell_true-unreach-call_false-termination.cil/bist_cell_true-unreach-call_false-termination.cil.-O0.smt2,unknown
test/sv-benchmarks/systemc/bist_cell_true-unreach-call_false-termination.cil/bist_cell_true-unreach-call_false-termination.cil.-O2.smt2,sat
test/sv-benchmarks/systemc/token_ring.05_true-unreach-call_false-termination.cil/token_ring.05_true-unreach-call_false-termination.cil.-O0.smt2,unknown
test/sv-benchmarks/systemc/token_ring.05_true-unreach-call_false-termination.cil/token_ring.05_true-unreach-call_false-termination.cil.-O2.smt2,unknown
test/sv-benchmarks/systemc/token_ring.05_false-unreach-call_false-termination.cil/token_ring.05_false-unreach-call_false-termination.cil.-O0.smt2,unknown
test/sv-benchmarks/systemc/token_ring.05_false-unreach-call_false-termination.cil/token_ring.05_false-unreach-call_false-termination.cil.-O2.smt2,unknown
test/sv-benchmarks/systemc/token_ring.11_false-unreach-call_false-termination.cil/token_ring.11_false-unreach-call_false-termination.cil.-O0.smt2,unknown
test/sv-benchmarks/systemc/token_ring.11_false-unreach-call_false-termination.cil/token_ring.11_false-unreach-call_false-termination.cil.-O2.smt2,unknown
test/sv-benchmarks/systemc/pc_sfifo_1_false-unreach-call_false-termination.cil/pc_sfifo_1_false-unreach-call_false-termination.cil.-O2.smt2,unsat
test/sv-benchmarks/systemc/pc_sfifo_1_false-unreach-call_false-termination.cil/pc_sfifo_1_false-unreach-call_false-termination.cil.-O0.smt2,unsat
test/sv-benchmarks/systemc/token_ring.15_false-unreach-call_false-termination.cil/token_ring.15_false-unreach-call_false-termination.cil.-O2.smt2,unknown
test/sv-benchmarks/systemc/token_ring.15_false-unreach-call_false-termination.cil/token_ring.15_false-unreach-call_false-termination.cil.-O0.smt2,unknown
test/sv-benchmarks/systemc/token_ring.01_false-unreach-call_false-termination.cil/token_ring.01_false-unreach-call_false-termination.cil.-O2.smt2,unsat
test/sv-benchmarks/systemc/token_ring.01_false-unreach-call_false-termination.cil/token_ring.01_false-unreach-call_false-termination.cil.-O0.smt2,unsat
test/sv-benchmarks/systemc/token_ring.04_true-unreach-call_false-termination.cil/token_ring.04_true-unreach-call_false-termination.cil.-O2.smt2,unknown
test/sv-benchmarks/systemc/token_ring.04_true-unreach-call_false-termination.cil/token_ring.04_true-unreach-call_false-termination.cil.-O0.smt2,unknown
test/sv-benchmarks/systemc/token_ring.06_true-unreach-call_false-termination.cil/token_ring.06_true-unreach-call_false-termination.cil.-O2.smt2,unknown
test/sv-benchmarks/systemc/token_ring.06_true-unreach-call_false-termination.cil/token_ring.06_true-unreach-call_false-termination.cil.-O0.smt2,unknown
test/sv-benchmarks/systemc/transmitter.16_false-unreach-call_false-termination.cil/transmitter.16_false-unreach-call_false-termination.cil.-O0.smt2,unknown
test/sv-benchmarks/systemc/transmitter.16_false-unreach-call_false-termination.cil/transmitter.16_false-unreach-call_false-termination.cil.-O2.smt2,unknown
test/sv-benchmarks/systemc/token_ring.08_true-unreach-call_false-termination.cil/token_ring.08_true-unreach-call_false-termination.cil.-O0.smt2,unknown
test/sv-benchmarks/systemc/token_ring.08_true-unreach-call_false-termination.cil/token_ring.08_true-unreach-call_false-termination.cil.-O2.smt2,unknown
test/sv-benchmarks/systemc/toy2_false-unreach-call_false-termination.cil/toy2_false-unreach-call_false-termination.cil.-O2.smt2,unknown
test/sv-benchmarks/systemc/toy2_false-unreach-call_false-termination.cil/toy2_false-unreach-call_false-termination.cil.-O0.smt2,unknown
test/sv-benchmarks/systemc/transmitter.02_false-unreach-call_false-termination.cil/transmitter.02_false-unreach-call_false-termination.cil.-O0.smt2,unsat
test/sv-benchmarks/systemc/transmitter.02_false-unreach-call_false-termination.cil/transmitter.02_false-unreach-call_false-termination.cil.-O2.smt2,unsat
test/sv-benchmarks/systemc/token_ring.09_false-unreach-call_false-termination.cil/token_ring.09_false-unreach-call_false-termination.cil.-O0.smt2,unknown
test/sv-benchmarks/systemc/token_ring.09_false-unreach-call_false-termination.cil/token_ring.09_false-unreach-call_false-termination.cil.-O2.smt2,unknown
test/sv-benchmarks/systemc/transmitter.06_false-unreach-call_false-termination.cil/transmitter.06_false-unreach-call_false-termination.cil.-O2.smt2,unknown
test/sv-benchmarks/systemc/transmitter.06_false-unreach-call_false-termination.cil/transmitter.06_false-unreach-call_false-termination.cil.-O0.smt2,unknown
test/sv-benchmarks/systemc/token_ring.07_true-unreach-call_false-termination.cil/token_ring.07_true-unreach-call_false-termination.cil.-O0.smt2,unknown
test/sv-benchmarks/systemc/token_ring.07_true-unreach-call_false-termination.cil/token_ring.07_true-unreach-call_false-termination.cil.-O2.smt2,unknown
test/sv-benchmarks/systemc/token_ring.09_true-unreach-call_false-termination.cil/token_ring.09_true-unreach-call_false-termination.cil.-O2.smt2,unknown
test/sv-benchmarks/systemc/token_ring.09_true-unreach-call_false-termination.cil/token_ring.09_true-unreach-call_false-termination.cil.-O0.smt2,unknown
test/sv-benchmarks/systemc/transmitter.12_false-unreach-call_false-termination.cil/transmitter.12_false-unreach-call_false-termination.cil.-O2.smt2,unknown
test/sv-benchmarks/systemc/transmitter.12_false-unreach-call_false-termination.cil/transmitter.12_false-unreach-call_false-termination.cil.-O0.smt2,unknown
test/sv-benchmarks/systemc/toy1_false-unreach-call_false-termination.cil/toy1_false-unreach-call_false-termination.cil.-O2.smt2,unknown
test/sv-benchmarks/systemc/toy1_false-unreach-call_false-termination.cil/toy1_false-unreach-call_false-termination.cil.-O0.smt2,unknown
test/sv-benchmarks/systemc/transmitter.01_false-unreach-call_false-termination.cil/transmitter.01_false-unreach-call_false-termination.cil.-O0.smt2,unsat
test/sv-benchmarks/systemc/transmitter.01_false-unreach-call_false-termination.cil/transmitter.01_false-unreach-call_false-termination.cil.-O2.smt2,unsat
test/sv-benchmarks/systemc/transmitter.15_false-unreach-call_false-termination.cil/transmitter.15_false-unreach-call_false-termination.cil.-O0.smt2,unknown
test/sv-benchmarks/systemc/transmitter.15_false-unreach-call_false-termination.cil/transmitter.15_false-unreach-call_false-termination.cil.-O2.smt2,unknown
test/sv-benchmarks/systemc/token_ring.03_true-unreach-call_false-termination.cil/token_ring.03_true-unreach-call_false-termination.cil.-O0.smt2,unknown
test/sv-benchmarks/systemc/token_ring.03_true-unreach-call_false-termination.cil/token_ring.03_true-unreach-call_false-termination.cil.-O2.smt2,sat
test/sv-benchmarks/systemc/pc_sfifo_3_true-unreach-call_false-termination.cil/pc_sfifo_3_true-unreach-call_false-termination.cil.-O2.smt2,sat
test/sv-benchmarks/systemc/pc_sfifo_3_true-unreach-call_false-termination.cil/pc_sfifo_3_true-unreach-call_false-termination.cil.-O0.smt2,sat
test/sv-benchmarks/systemc/pc_sfifo_2_true-unreach-call_false-termination.cil/pc_sfifo_2_true-unreach-call_false-termination.cil.-O0.smt2,unknown
test/sv-benchmarks/systemc/pc_sfifo_2_true-unreach-call_false-termination.cil/pc_sfifo_2_true-unreach-call_false-termination.cil.-O2.smt2,unknown
test/sv-benchmarks/systemc/token_ring.02_true-unreach-call_false-termination.cil/token_ring.02_true-unreach-call_false-termination.cil.-O2.smt2,sat
test/sv-benchmarks/systemc/token_ring.02_true-unreach-call_false-termination.cil/token_ring.02_true-unreach-call_false-termination.cil.-O0.smt2,sat
test/sv-benchmarks/systemc/transmitter.11_false-unreach-call_false-termination.cil/transmitter.11_false-unreach-call_false-termination.cil.-O2.smt2,unknown
test/sv-benchmarks/systemc/transmitter.11_false-unreach-call_false-termination.cil/transmitter.11_false-unreach-call_false-termination.cil.-O0.smt2,unknown
test/sv-benchmarks/systemc/pipeline_true-unreach-call_false-termination.cil/pipeline_true-unreach-call_false-termination.cil.-O0.smt2,unknown
test/sv-benchmarks/systemc/pipeline_true-unreach-call_false-termination.cil/pipeline_true-unreach-call_false-termination.cil.-O2.smt2,unknown
test/sv-benchmarks/systemc/transmitter.05_false-unreach-call_false-termination.cil/transmitter.05_false-unreach-call_false-termination.cil.-O2.smt2,unknown
test/sv-benchmarks/systemc/transmitter.05_false-unreach-call_false-termination.cil/transmitter.05_false-unreach-call_false-termination.cil.-O0.smt2,unknown
test/sv-benchmarks/systemc/token_ring.12_false-unreach-call_false-termination.cil/token_ring.12_false-unreach-call_false-termination.cil.-O0.smt2,unknown
test/sv-benchmarks/systemc/token_ring.12_false-unreach-call_false-termination.cil/token_ring.12_false-unreach-call_false-termination.cil.-O2.smt2,unknown
test/sv-benchmarks/systemc/toy_true-unreach-call_false-termination.cil/toy_true-unreach-call_false-termination.cil.-O0.smt2,unknown
test/sv-benchmarks/systemc/toy_true-unreach-call_false-termination.cil/toy_true-unreach-call_false-termination.cil.-O2.smt2,unknown
test/sv-benchmarks/systemc/token_ring.06_false-unreach-call_false-termination.cil/token_ring.06_false-unreach-call_false-termination.cil.-O0.smt2,unknown
test/sv-benchmarks/systemc/token_ring.06_false-unreach-call_false-termination.cil/token_ring.06_false-unreach-call_false-termination.cil.-O2.smt2,unknown
test/sv-benchmarks/systemc/pc_sfifo_2_false-unreach-call_false-termination.cil/pc_sfifo_2_false-unreach-call_false-termination.cil.-O2.smt2,unsat
test/sv-benchmarks/systemc/pc_sfifo_2_false-unreach-call_false-termination.cil/pc_sfifo_2_false-unreach-call_false-termination.cil.-O0.smt2,unsat
test/sv-benchmarks/systemc/pc_sfifo_1_true-unreach-call_false-termination.cil/pc_sfifo_1_true-unreach-call_false-termination.cil.-O2.smt2,sat
test/sv-benchmarks/systemc/pc_sfifo_1_true-unreach-call_false-termination.cil/pc_sfifo_1_true-unreach-call_false-termination.cil.-O0.smt2,sat
test/sv-benchmarks/systemc/token_ring.01_true-unreach-call_false-termination.cil/token_ring.01_true-unreach-call_false-termination.cil.-O0.smt2,sat
test/sv-benchmarks/systemc/token_ring.01_true-unreach-call_false-termination.cil/token_ring.01_true-unreach-call_false-termination.cil.-O2.smt2,sat
test/sv-benchmarks/systemc/transmitter.09_false-unreach-call_false-termination.cil/transmitter.09_false-unreach-call_false-termination.cil.-O2.smt2,unknown
test/sv-benchmarks/systemc/transmitter.09_false-unreach-call_false-termination.cil/transmitter.09_false-unreach-call_false-termination.cil.-O0.smt2,unknown
test/sv-benchmarks/systemc/token_ring.02_false-unreach-call_false-termination.cil/token_ring.02_false-unreach-call_false-termination.cil.-O2.smt2,unsat
test/sv-benchmarks/systemc/token_ring.02_false-unreach-call_false-termination.cil/token_ring.02_false-unreach-call_false-termination.cil.-O0.smt2,unknown
test/sv-benchmarks/psyco/psyco_accelerometer_1_true-unreach-call/psyco_accelerometer_1_true-unreach-call.-O0.smt2,sat
test/sv-benchmarks/psyco/psyco_accelerometer_1_true-unreach-call/psyco_accelerometer_1_true-unreach-call.-O2.smt2,sat
test/sv-benchmarks/psyco/psyco_abp_1_true-unreach-call/psyco_abp_1_true-unreach-call.-O2.smt2,unknown
test/sv-benchmarks/psyco/psyco_abp_1_true-unreach-call/psyco_abp_1_true-unreach-call.-O0.smt2,unknown
test/sv-benchmarks/psyco/psyco_abp_1_false-unreach-call/psyco_abp_1_false-unreach-call.-O2.smt2,unsat
test/sv-benchmarks/psyco/psyco_abp_1_false-unreach-call/psyco_abp_1_false-unreach-call.-O0.smt2,unsat
test/c/dillig_tacas13/benchmark5/benchmark5.-O2.smt2,unknown
test/c/dillig_tacas13/benchmark5/benchmark5.-O0.smt2,unknown
test/c/dillig_tacas13/benchmark2/benchmark2.-O2.smt2,unsat
test/c/dillig_tacas13/benchmark2/benchmark2.-O0.smt2,unsat
test/c/dillig_tacas13/benchmark3/benchmark3.-O2.smt2,unsat
test/c/dillig_tacas13/benchmark3/benchmark3.-O0.smt2,unsat
test/c/dillig_tacas13/benchmark4/benchmark4.-O2.smt2,unknown
test/c/dillig_tacas13/benchmark4/benchmark4.-O0.smt2,unknown
test/c/dillig_tacas13/benchmark10/benchmark10.-O0.smt2,unknown
test/c/dillig_tacas13/benchmark10/benchmark10.-O2.smt2,unknown
test/c/dillig_tacas13/benchmark8/benchmark8.-O2.smt2,unsat
test/c/dillig_tacas13/benchmark8/benchmark8.-O0.smt2,unsat
test/c/dillig_tacas13/benchmark1/benchmark1.-O0.smt2,unsat
test/c/dillig_tacas13/benchmark1/benchmark1.-O2.smt2,unsat
test/c/dillig_tacas13/benchmark6/benchmark6.-O0.smt2,unknown
test/c/dillig_tacas13/benchmark6/benchmark6.-O2.smt2,sat
test/c/dillig_tacas13/benchmark7/benchmark7.-O0.smt2,unsat
test/c/dillig_tacas13/benchmark7/benchmark7.-O2.smt2,unknown
test/c/dillig_tacas13/benchmark9/benchmark9.-O2.smt2,unknown
test/c/dillig_tacas13/benchmark9/benchmark9.-O0.smt2,unknown
test/c/sharma_splitter/spam1/spam1.-O2.smt2,unsat
test/c/sharma_splitter/spam1/spam1.-O0.smt2,unsat
test/c/sharma_splitter/ex1/ex1.-O0.smt2,sat
test/c/sharma_splitter/ex1/ex1.-O2.smt2,sat
test/c/sharma_splitter/heapsort1/heapsort1.-O0.smt2,unsat
test/c/sharma_splitter/heapsort1/heapsort1.-O2.smt2,unsat
test/c/sharma_splitter/svd1/svd1.-O0.smt2,unsat
test/c/sharma_splitter/svd1/svd1.-O2.smt2,unknown
test/c/sharma_splitter/ex2/ex2.-O2.smt2,sat
test/c/sharma_splitter/ex2/ex2.-O0.smt2,sat
test/c/invgen/split/split.-O2.smt2,sat
test/c/invgen/split/split.-O0.smt2,sat
test/c/invgen/svd4/svd4.-O2.smt2,unknown
test/c/invgen/svd4/svd4.-O0.smt2,unsat
test/c/invgen/rajamani_1/rajamani_1.-O0.smt2,unknown
test/c/invgen/rajamani_1/rajamani_1.-O2.smt2,unknown
test/c/invgen/NetBSD_loop_int/NetBSD_loop_int.-O0.smt2,unknown
test/c/invgen/NetBSD_loop_int/NetBSD_loop_int.-O2.smt2,sat
test/c/invgen/gulwani_cegar2/gulwani_cegar2.-O2.smt2,sat
test/c/invgen/gulwani_cegar2/gulwani_cegar2.-O0.smt2,sat
test/c/invgen/fragtest_simple/fragtest_simple.-O2.smt2,unsat
test/c/invgen/fragtest_simple/fragtest_simple.-O0.smt2,unknown
test/c/invgen/MADWiFi-encode_ie_ok/MADWiFi-encode_ie_ok.-O2.smt2,unsat
test/c/invgen/MADWiFi-encode_ie_ok/MADWiFi-encode_ie_ok.-O0.smt2,unsat
test/c/invgen/seq-proc/seq-proc.-O0.smt2,unknown
test/c/invgen/seq-proc/seq-proc.-O2.smt2,unsat
test/c/invgen/SpamAssassin-loop_ok/SpamAssassin-loop_ok.-O0.smt2,sat
test/c/invgen/SpamAssassin-loop_ok/SpamAssassin-loop_ok.-O2.smt2,sat
test/c/invgen/sendmail-close-angle/sendmail-close-angle.-O2.smt2,unsat
test/c/invgen/sendmail-close-angle/sendmail-close-angle.-O0.smt2,unknown
test/c/invgen/nested9/nested9.-O2.smt2,unsat
test/c/invgen/nested9/nested9.-O0.smt2,unsat
test/c/invgen/seq/seq.-O2.smt2,unsat
test/c/invgen/seq/seq.-O0.smt2,unsat
test/c/invgen/nested7/nested7.-O0.smt2,unsat
test/c/invgen/nested7/nested7.-O2.smt2,unsat
test/c/invgen/nest-if8/nest-if8.-O0.smt2,unsat
test/c/invgen/nest-if8/nest-if8.-O2.smt2,unsat
test/c/invgen/nested6/nested6.-O0.smt2,sat
test/c/invgen/nested6/nested6.-O2.smt2,unknown
test/c/invgen/nest-if7/nest-if7.-O2.smt2,unknown
test/c/invgen/nest-if7/nest-if7.-O0.smt2,sat
test/c/invgen/nested8/nested8.-O2.smt2,unsat
test/c/invgen/nested8/nested8.-O0.smt2,unsat
test/c/invgen/half/half.-O0.smt2,unknown
test/c/invgen/half/half.-O2.smt2,unsat
test/c/invgen/heapsort1/heapsort1.-O0.smt2,sat
test/c/invgen/heapsort1/heapsort1.-O2.smt2,unknown
test/c/invgen/simple/simple.-O2.smt2,sat
test/c/invgen/simple/simple.-O0.smt2,sat
test/c/invgen/up3/up3.-O2.smt2,sat
test/c/invgen/up3/up3.-O0.smt2,unknown
test/c/invgen/string_concat-noarr/string_concat-noarr.-O0.smt2,unknown
test/c/invgen/string_concat-noarr/string_concat-noarr.-O2.smt2,unknown
test/c/invgen/up4/up4.-O2.smt2,unsat
test/c/invgen/up4/up4.-O0.smt2,unknown
test/c/invgen/apache-get-tag/apache-get-tag.-O0.smt2,sat
test/c/invgen/apache-get-tag/apache-get-tag.-O2.smt2,sat
test/c/invgen/SpamAssassin-loop/SpamAssassin-loop.-O2.smt2,unsat
test/c/invgen/SpamAssassin-loop/SpamAssassin-loop.-O0.smt2,unsat
test/c/invgen/up-nd/up-nd.-O2.smt2,unsat
test/c/invgen/up-nd/up-nd.-O0.smt2,unsat
test/c/invgen/up5/up5.-O2.smt2,unsat
test/c/invgen/up5/up5.-O0.smt2,unknown
test/c/invgen/up2/up2.-O2.smt2,unsat
test/c/invgen/up2/up2.-O0.smt2,unknown
test/c/invgen/svd1/svd1.-O0.smt2,unsat
test/c/invgen/svd1/svd1.-O2.smt2,unknown
test/c/invgen/bind_expands_vars2/bind_expands_vars2.-O0.smt2,unsat
test/c/invgen/bind_expands_vars2/bind_expands_vars2.-O2.smt2,unsat
test/c/invgen/gulwani_cegar1/gulwani_cegar1.-O0.smt2,sat
test/c/invgen/gulwani_cegar1/gulwani_cegar1.-O2.smt2,unsat
test/c/invgen/seq-len/seq-len.-O0.smt2,unknown
test/c/invgen/seq-len/seq-len.-O2.smt2,unknown
test/c/invgen/up/up.-O2.smt2,sat
test/c/invgen/up/up.-O0.smt2,sat
test/c/invgen/sendmail-mime7to8_arr_three_chars_no_test_ok/sendmail-mime7to8_arr_three_chars_no_test_ok.-O2.smt2,unknown
test/c/invgen/sendmail-mime7to8_arr_three_chars_no_test_ok/sendmail-mime7to8_arr_three_chars_no_test_ok.-O0.smt2,sat
test/c/invgen/seq-z3/seq-z3.-O0.smt2,unknown
test/c/invgen/seq-z3/seq-z3.-O2.smt2,unknown
test/c/invgen/seq2/seq2.-O2.smt2,unsat
test/c/invgen/seq2/seq2.-O0.smt2,unknown
test/c/invgen/seq3/seq3.-O2.smt2,sat
test/c/invgen/seq3/seq3.-O0.smt2,unknown
test/c/invgen/seq4/seq4.-O2.smt2,unsat
test/c/invgen/seq4/seq4.-O0.smt2,unknown
test/c/invgen/nested5/nested5.-O2.smt2,unknown
test/c/invgen/nested5/nested5.-O0.smt2,sat
test/c/invgen/large_const/large_const.-O0.smt2,unknown
test/c/invgen/large_const/large_const.-O2.smt2,unsat
test/c/invgen/svd-some-loop/svd-some-loop.-O0.smt2,unsat
test/c/invgen/svd-some-loop/svd-some-loop.-O2.smt2,unknown
test/c/invgen/nest-if3/nest-if3.-O0.smt2,unsat
test/c/invgen/nest-if3/nest-if3.-O2.smt2,unsat
test/c/invgen/apache-escape-absolute/apache-escape-absolute.-O2.smt2,sat
test/c/invgen/apache-escape-absolute/apache-escape-absolute.-O0.smt2,sat
test/c/invgen/heapsort/heapsort.-O0.smt2,unsat
test/c/invgen/heapsort/heapsort.-O2.smt2,unsat
test/c/invgen/id_trans/id_trans.-O0.smt2,unsat
test/c/invgen/id_trans/id_trans.-O2.smt2,unsat
test/c/invgen/id_build/id_build.-O0.smt2,unknown
test/c/invgen/id_build/id_build.-O2.smt2,sat
test/c/invgen/heapsort3/heapsort3.-O2.smt2,unsat
test/c/invgen/heapsort3/heapsort3.-O0.smt2,unsat
test/c/invgen/seq-sim/seq-sim.-O0.smt2,unknown
test/c/invgen/seq-sim/seq-sim.-O2.smt2,sat
test/c/invgen/sendmail-mime-fromqp/sendmail-mime-fromqp.-O0.smt2,unknown
test/c/invgen/sendmail-mime-fromqp/sendmail-mime-fromqp.-O2.smt2,sat
test/c/invgen/NetBSD_g_Ctoc/NetBSD_g_Ctoc.-O0.smt2,sat
test/c/invgen/NetBSD_g_Ctoc/NetBSD_g_Ctoc.-O2.smt2,sat
test/c/invgen/quicksort/quicksort.-O2.smt2,unknown
test/c/invgen/quicksort/quicksort.-O0.smt2,unknown
test/c/invgen/heapsort2/heapsort2.-O2.smt2,sat
test/c/invgen/heapsort2/heapsort2.-O0.smt2,sat
test/c/invgen/mergesort/mergesort.-O2.smt2,unknown
test/c/invgen/mergesort/mergesort.-O0.smt2,unknown
test/c/llreve/nested-while_merged_unsafe/nested-while_merged_unsafe.-O2.smt2,unsat
test/c/llreve/nested-while_merged_unsafe/nested-while_merged_unsafe.-O0.smt2,unsat
test/c/llreve/loop5_merged_unsafe/loop5_merged_unsafe.-O2.smt2,unsat
test/c/llreve/loop5_merged_unsafe/loop5_merged_unsafe.-O0.smt2,unsat
test/c/llreve/loop3_merged_safe/loop3_merged_safe.-O0.smt2,unknown
test/c/llreve/loop3_merged_safe/loop3_merged_safe.-O2.smt2,unknown
test/c/llreve/loop_merged_safe/loop_merged_safe.-O0.smt2,unknown
test/c/llreve/loop_merged_safe/loop_merged_safe.-O2.smt2,sat
test/c/llreve/break_single_merged_safe/break_single_merged_safe.-O2.smt2,sat
test/c/llreve/break_single_merged_safe/break_single_merged_safe.-O0.smt2,sat
test/c/llreve/loop_unswitching_merged_safe/loop_unswitching_merged_safe.-O0.smt2,sat
test/c/llreve/loop_unswitching_merged_safe/loop_unswitching_merged_safe.-O2.smt2,unsat
test/c/llreve/break_merged_safe/break_merged_safe.-O0.smt2,unknown
test/c/llreve/break_merged_safe/break_merged_safe.-O2.smt2,unknown
test/c/llreve/nested-while_merged_safe/nested-while_merged_safe.-O2.smt2,sat
test/c/llreve/nested-while_merged_safe/nested-while_merged_safe.-O0.smt2,unknown
test/c/llreve/barthe_merged_unsafe/barthe_merged_unsafe.-O0.smt2,unknown
test/c/llreve/barthe_merged_unsafe/barthe_merged_unsafe.-O2.smt2,unsat
test/c/llreve/cube_square_unsafe/cube_square_unsafe.-O0.smt2,unsat
test/c/llreve/cube_square_unsafe/cube_square_unsafe.-O2.smt2,unsat
test/c/llreve/barthe2_merged_safe/barthe2_merged_safe.-O0.smt2,sat
test/c/llreve/barthe2_merged_safe/barthe2_merged_safe.-O2.smt2,sat
test/c/llreve/loop2_merged_safe/loop2_merged_safe.-O0.smt2,sat
test/c/llreve/loop2_merged_safe/loop2_merged_safe.-O2.smt2,unknown
test/c/llreve/03_while_unsafe/03_while_unsafe.-O2.smt2,unsat
test/c/llreve/03_while_unsafe/03_while_unsafe.-O0.smt2,unsat
test/c/llreve/while_after_while_if_merged_safe/while_after_while_if_merged_safe.-O2.smt2,sat
test/c/llreve/while_after_while_if_merged_safe/while_after_while_if_merged_safe.-O0.smt2,unknown
test/c/llreve/fib_merged_safe/fib_merged_safe.-O0.smt2,sat
test/c/llreve/fib_merged_safe/fib_merged_safe.-O2.smt2,unknown
test/c/pie/ICE/benchmarks/d12/d12.-O0.smt2,unsat
test/c/pie/ICE/benchmarks/d12/d12.-O2.smt2,unsat
test/c/pie/ICE/benchmarks/d15/d15.-O0.smt2,unknown
test/c/pie/ICE/benchmarks/d15/d15.-O2.smt2,sat
test/c/pie/ICE/benchmarks/d24/d24.-O2.smt2,unknown
test/c/pie/ICE/benchmarks/d24/d24.-O0.smt2,sat
test/c/pie/ICE/benchmarks/d25/d25.-O2.smt2,unknown
test/c/pie/ICE/benchmarks/d25/d25.-O0.smt2,unknown
test/c/pie/ICE/benchmarks/sum01_safe.v/sum01_safe.v.-O2.smt2,sat
test/c/pie/ICE/benchmarks/sum01_safe.v/sum01_safe.v.-O0.smt2,sat
test/c/pie/ICE/benchmarks/afnp2014_true-unreach-call/afnp2014_true-unreach-call.-O2.smt2,unknown
test/c/pie/ICE/benchmarks/afnp2014_true-unreach-call/afnp2014_true-unreach-call.-O0.smt2,sat
test/c/pie/ICE/benchmarks/d03_not_from_hola/d03_not_from_hola.-O2.smt2,unknown
test/c/pie/ICE/benchmarks/d03_not_from_hola/d03_not_from_hola.-O0.smt2,unknown
test/c/pie/ICE/benchmarks/sum04n.v/sum04n.v.-O2.smt2,sat
test/c/pie/ICE/benchmarks/sum04n.v/sum04n.v.-O0.smt2,sat
test/c/pie/ICE/benchmarks/n_c11/n_c11.-O2.smt2,sat
test/c/pie/ICE/benchmarks/n_c11/n_c11.-O0.smt2,sat
test/c/pie/ICE/benchmarks/form27/form27.-O2.smt2,unknown
test/c/pie/ICE/benchmarks/form27/form27.-O0.smt2,sat
test/c/pie/ICE/benchmarks/w2/w2.-O2.smt2,sat
test/c/pie/ICE/benchmarks/w2/w2.-O0.smt2,sat
test/c/pie/ICE/benchmarks/d01/d01.-O2.smt2,unsat
test/c/pie/ICE/benchmarks/d01/d01.-O0.smt2,unsat
test/c/pie/ICE/benchmarks/n_c11n/n_c11n.-O0.smt2,sat
test/c/pie/ICE/benchmarks/n_c11n/n_c11n.-O2.smt2,sat
test/c/pie/ICE/benchmarks/d19/d19.-O0.smt2,sat
test/c/pie/ICE/benchmarks/d19/d19.-O2.smt2,unsat
test/c/pie/ICE/benchmarks/d17/d17.-O2.smt2,unknown
test/c/pie/ICE/benchmarks/d17/d17.-O0.smt2,unsat
test/c/pie/ICE/benchmarks/cegar2/cegar2.-O2.smt2,unknown
test/c/pie/ICE/benchmarks/cegar2/cegar2.-O0.smt2,sat
test/c/pie/ICE/benchmarks/incn.v/incn.v.-O2.smt2,sat
test/c/pie/ICE/benchmarks/incn.v/incn.v.-O0.smt2,sat
test/c/pie/ICE/benchmarks/n_c11n.v/n_c11n.v.-O2.smt2,sat
test/c/pie/ICE/benchmarks/n_c11n.v/n_c11n.v.-O0.smt2,sat
test/c/pie/ICE/benchmarks/sum01.v/sum01.v.-O2.smt2,sat
test/c/pie/ICE/benchmarks/sum01.v/sum01.v.-O0.smt2,sat
test/c/pie/ICE/benchmarks/tacas06.v/tacas06.v.-O0.smt2,sat
test/c/pie/ICE/benchmarks/tacas06.v/tacas06.v.-O2.smt2,sat
test/c/pie/ICE/benchmarks/cegar2.v/cegar2.v.-O0.smt2,sat
test/c/pie/ICE/benchmarks/cegar2.v/cegar2.v.-O2.smt2,unknown
test/c/pie/ICE/benchmarks/form25/form25.-O0.smt2,sat
test/c/pie/ICE/benchmarks/form25/form25.-O2.smt2,unsat
test/c/pie/ICE/benchmarks/d05/d05.-O0.smt2,unknown
test/c/pie/ICE/benchmarks/d05/d05.-O2.smt2,unknown
test/c/pie/ICE/benchmarks/form22/form22.-O0.smt2,sat
test/c/pie/ICE/benchmarks/form22/form22.-O2.smt2,sat
test/c/pie/hola/32/32.-O2.smt2,sat
test/c/pie/hola/32/32.-O0.smt2,sat
test/c/pie/hola/34/34.-O2.smt2,sat
test/c/pie/hola/34/34.-O0.smt2,sat
test/c/pie/hola/33/33.-O2.smt2,unknown
test/c/pie/hola/33/33.-O0.smt2,unknown
test/c/pie/hola/05/05.-O0.smt2,unknown
test/c/pie/hola/05/05.-O2.smt2,unknown
test/c/pie/hola/02/02.-O0.smt2,unknown
test/c/pie/hola/02/02.-O2.smt2,unknown
test/c/pie/hola/20/20.-O0.smt2,sat
test/c/pie/hola/20/20.-O2.smt2,sat
test/c/pie/hola/18/18.-O0.smt2,sat
test/c/pie/hola/18/18.-O2.smt2,sat
test/c/pie/hola/29/29.-O2.smt2,unknown
test/c/pie/hola/29/29.-O0.smt2,sat
test/c/pie/hola/42/42.-O2.smt2,unknown
test/c/pie/hola/42/42.-O0.smt2,unknown
test/c/pie/hola/45/45.-O2.smt2,unknown
test/c/pie/hola/45/45.-O0.smt2,unknown
test/c/pie/hola/17/17.-O2.smt2,unknown
test/c/pie/hola/17/17.-O0.smt2,unsat
test/c/pie/hola/19/19.-O0.smt2,sat
test/c/pie/hola/19/19.-O2.smt2,unsat
test/c/pie/hola/26/26.-O0.smt2,unknown
test/c/pie/hola/26/26.-O2.smt2,sat
test/c/pie/hola/21/21.-O0.smt2,sat
test/c/pie/hola/21/21.-O2.smt2,sat
test/c/pie/hola/43/43.-O2.smt2,unsat
test/c/pie/hola/43/43.-O0.smt2,unsat
test/c/pie/hola/07/07.-O2.smt2,unknown
test/c/pie/hola/07/07.-O0.smt2,unknown
test/c/pie/hola/38/38.-O2.smt2,sat
test/c/pie/hola/38/38.-O0.smt2,sat
test/c/pie/hola/36/36.-O0.smt2,unknown
test/c/pie/hola/36/36.-O2.smt2,sat
test/c/pie/hola/09/09.-O0.smt2,unknown
test/c/pie/hola/09/09.-O2.smt2,unsat
test/c/pie/hola/31/31.-O0.smt2,unsat
test/c/pie/hola/31/31.-O2.smt2,unsat
test/c/pie/hola/37/37.-O0.smt2,sat
test/c/pie/hola/37/37.-O2.smt2,sat
test/c/pie/hola/08/08.-O0.smt2,unknown
test/c/pie/hola/08/08.-O2.smt2,unknown
test/c/pie/hola/01/01.-O2.smt2,unsat
test/c/pie/hola/01/01.-O0.smt2,unsat
test/c/pie/hola/06/06.-O2.smt2,unknown
test/c/pie/hola/06/06.-O0.smt2,unknown
test/c/pie/hola/39/39.-O2.smt2,sat
test/c/pie/hola/39/39.-O0.smt2,unknown
test/c/pie/hola/41/41.-O0.smt2,unsat
test/c/pie/hola/41/41.-O2.smt2,unsat
test/c/pie/hola/24/24.-O2.smt2,unknown
test/c/pie/hola/24/24.-O0.smt2,sat
test/c/pie/hola/23/23.-O2.smt2,unknown
test/c/pie/hola/23/23.-O0.smt2,unknown
test/c/pie/hola/15/15.-O0.smt2,unknown
test/c/pie/hola/15/15.-O2.smt2,sat
test/c/pie/hola/12/12.-O0.smt2,unsat
test/c/pie/hola/12/12.-O2.smt2,unsat
test/c/pie/hola/40/40.-O0.smt2,unknown
test/c/pie/hola/40/40.-O2.smt2,unknown
test/c/pie/hola/13/13.-O0.smt2,sat
test/c/pie/hola/13/13.-O2.smt2,sat
test/c/pie/hola/14/14.-O0.smt2,unsat
test/c/pie/hola/14/14.-O2.smt2,unknown
test/c/pie/hola/22/22.-O2.smt2,unsat
test/c/pie/hola/22/22.-O0.smt2,unsat
test/c/pie/hola/25/25.-O2.smt2,unknown
test/c/pie/hola/25/25.-O0.smt2,unknown
test/c/recursions/recursive/gcd01_true-unreach-call_true-no-overflow_true-termination/gcd01_true-unreach-call_true-no-overflow_true-termination.-O0.smt2,sat
test/c/recursions/recursive/gcd01_true-unreach-call_true-no-overflow_true-termination/gcd01_true-unreach-call_true-no-overflow_true-termination.-O2.smt2,sat
test/c/recursions/recursive/Addition01_true-unreach-call_true-no-overflow_true-termination/Addition01_true-unreach-call_true-no-overflow_true-termination.-O2.smt2,sat
test/c/recursions/recursive/Addition01_true-unreach-call_true-no-overflow_true-termination/Addition01_true-unreach-call_true-no-overflow_true-termination.-O0.smt2,sat
test/c/recursions/recursive/Fibonacci05_false-unreach-call_true-no-overflow_true-termination/Fibonacci05_false-unreach-call_true-no-overflow_true-termination.-O0.smt2,unsat
test/c/recursions/recursive/Fibonacci05_false-unreach-call_true-no-overflow_true-termination/Fibonacci05_false-unreach-call_true-no-overflow_true-termination.-O2.smt2,unknown
test/c/recursions/recursive/BallRajamani-SPIN2000-Fig1_false-unreach-call_true-no-overflow_true-termination/BallRajamani-SPIN2000-Fig1_false-unreach-call_true-no-overflow_true-termination.-O0.smt2,unsat
test/c/recursions/recursive/BallRajamani-SPIN2000-Fig1_false-unreach-call_true-no-overflow_true-termination/BallRajamani-SPIN2000-Fig1_false-unreach-call_true-no-overflow_true-termination.-O2.smt2,unsat
test/c/recursions/recursive/Ackermann03_true-unreach-call_true-no-overflow/Ackermann03_true-unreach-call_true-no-overflow.-O0.smt2,unknown
test/c/recursions/recursive/Ackermann03_true-unreach-call_true-no-overflow/Ackermann03_true-unreach-call_true-no-overflow.-O2.smt2,unknown
test/c/recursions/recursive/McCarthy91_true-unreach-call_true-no-overflow_true-termination/McCarthy91_true-unreach-call_true-no-overflow_true-termination.-O2.smt2,sat
test/c/recursions/recursive/McCarthy91_true-unreach-call_true-no-overflow_true-termination/McCarthy91_true-unreach-call_true-no-overflow_true-termination.-O0.smt2,sat
test/c/recursions/recursive/Ackermann04_true-unreach-call_true-no-overflow/Ackermann04_true-unreach-call_true-no-overflow.-O2.smt2,unknown
test/c/recursions/recursive/Ackermann04_true-unreach-call_true-no-overflow/Ackermann04_true-unreach-call_true-no-overflow.-O0.smt2,unknown
test/c/recursions/recursive/recHanoi02_true-unreach-call_true-no-overflow_true-termination/recHanoi02_true-unreach-call_true-no-overflow_true-termination.-O0.smt2,unknown
test/c/recursions/recursive/recHanoi02_true-unreach-call_true-no-overflow_true-termination/recHanoi02_true-unreach-call_true-no-overflow_true-termination.-O2.smt2,sat
test/c/recursions/recursive/recHanoi03_true-unreach-call_true-no-overflow_true-termination/recHanoi03_true-unreach-call_true-no-overflow_true-termination.-O2.smt2,sat
test/c/recursions/recursive/recHanoi03_true-unreach-call_true-no-overflow_true-termination/recHanoi03_true-unreach-call_true-no-overflow_true-termination.-O0.smt2,unknown
test/c/recursions/recursive/Addition03_true-unreach-call_true-no-overflow_true-termination/Addition03_true-unreach-call_true-no-overflow_true-termination.-O0.smt2,unknown
test/c/recursions/recursive/Addition03_true-unreach-call_true-no-overflow_true-termination/Addition03_true-unreach-call_true-no-overflow_true-termination.-O2.smt2,unknown
test/c/recursions/recursive/gcd02_true-unreach-call_true-no-overflow_true-termination/gcd02_true-unreach-call_true-no-overflow_true-termination.-O0.smt2,unknown
test/c/recursions/recursive/gcd02_true-unreach-call_true-no-overflow_true-termination/gcd02_true-unreach-call_true-no-overflow_true-termination.-O2.smt2,unsat
test/c/recursions/recursive/Addition02WithOverflowBug_false-no-overflow/Addition02WithOverflowBug_false-no-overflow.-O2.smt2,unsat
test/c/recursions/recursive/Addition02WithOverflowBug_false-no-overflow/Addition02WithOverflowBug_false-no-overflow.-O0.smt2,unsat
test/c/recursions/recursive/McCarthy91_false-unreach-call_true-no-overflow_true-termination/McCarthy91_false-unreach-call_true-no-overflow_true-termination.-O0.smt2,unsat
test/c/recursions/recursive/McCarthy91_false-unreach-call_true-no-overflow_true-termination/McCarthy91_false-unreach-call_true-no-overflow_true-termination.-O2.smt2,unsat
test/c/recursions/recursive/Ackermann01_true-unreach-call_true-no-overflow/Ackermann01_true-unreach-call_true-no-overflow.-O2.smt2,unknown
test/c/recursions/recursive/Ackermann01_true-unreach-call_true-no-overflow/Ackermann01_true-unreach-call_true-no-overflow.-O0.smt2,unknown
test/c/recursions/recursive/Addition02_false-unreach-call_true-no-overflow_true-termination/Addition02_false-unreach-call_true-no-overflow_true-termination.-O0.smt2,unsat
test/c/recursions/recursive/Addition02_false-unreach-call_true-no-overflow_true-termination/Addition02_false-unreach-call_true-no-overflow_true-termination.-O2.smt2,unsat
test/c/recursions/recursive/Fibonacci01_true-unreach-call_true-no-overflow/Fibonacci01_true-unreach-call_true-no-overflow.-O0.smt2,unsat
test/c/recursions/recursive/Fibonacci01_true-unreach-call_true-no-overflow/Fibonacci01_true-unreach-call_true-no-overflow.-O2.smt2,unsat
test/c/recursions/recursive/Primes_true-unreach-call_true-no-overflow_false-termination/Primes_true-unreach-call_true-no-overflow_false-termination.-O2.smt2,unsat
test/c/recursions/recursive/Primes_true-unreach-call_true-no-overflow_false-termination/Primes_true-unreach-call_true-no-overflow_false-termination.-O0.smt2,unknown
test/c/recursions/recursive/Addition03_false-no-overflow/Addition03_false-no-overflow.-O0.smt2,unsat
test/c/recursions/recursive/Addition03_false-no-overflow/Addition03_false-no-overflow.-O2.smt2,unknown
test/c/recursions/recursive/Fibonacci02_true-unreach-call_true-no-overflow_true-termination/Fibonacci02_true-unreach-call_true-no-overflow_true-termination.-O0.smt2,sat
test/c/recursions/recursive/Fibonacci02_true-unreach-call_true-no-overflow_true-termination/Fibonacci02_true-unreach-call_true-no-overflow_true-termination.-O2.smt2,sat
test/c/recursions/recursive/Fibonacci04_false-unreach-call_true-no-overflow_true-termination/Fibonacci04_false-unreach-call_true-no-overflow_true-termination.-O2.smt2,unsat
test/c/recursions/recursive/Fibonacci04_false-unreach-call_true-no-overflow_true-termination/Fibonacci04_false-unreach-call_true-no-overflow_true-termination.-O0.smt2,unsat
test/c/recursions/recursive/Ackermann02_false-unreach-call_true-no-overflow_true-termination/Ackermann02_false-unreach-call_true-no-overflow_true-termination.-O2.smt2,unsat
test/c/recursions/recursive/Ackermann02_false-unreach-call_true-no-overflow_true-termination/Ackermann02_false-unreach-call_true-no-overflow_true-termination.-O0.smt2,unsat
test/c/recursions/recursive/Fibonacci03_true-unreach-call_true-no-overflow_true-termination/Fibonacci03_true-unreach-call_true-no-overflow_true-termination.-O2.smt2,unknown
test/c/recursions/recursive/Fibonacci03_true-unreach-call_true-no-overflow_true-termination/Fibonacci03_true-unreach-call_true-no-overflow_true-termination.-O0.smt2,unknown
test/c/recursions/recursive-simple/fibo_15_false-unreach-call/fibo_15_false-unreach-call.-O0.smt2,unknown
test/c/recursions/recursive-simple/fibo_15_false-unreach-call/fibo_15_false-unreach-call.-O2.smt2,unknown
test/c/recursions/recursive-simple/fibo_25_false-unreach-call/fibo_25_false-unreach-call.-O0.smt2,unknown
test/c/recursions/recursive-simple/fibo_25_false-unreach-call/fibo_25_false-unreach-call.-O2.smt2,unknown
test/c/recursions/recursive-simple/id_o1000_false-unreach-call/id_o1000_false-unreach-call.-O2.smt2,unsat
test/c/recursions/recursive-simple/id_o1000_false-unreach-call/id_o1000_false-unreach-call.-O0.smt2,unknown
test/c/recursions/recursive-simple/id_o3_false-unreach-call/id_o3_false-unreach-call.-O0.smt2,unsat
test/c/recursions/recursive-simple/id_o3_false-unreach-call/id_o3_false-unreach-call.-O2.smt2,unsat
test/c/recursions/recursive-simple/id_o20_false-unreach-call/id_o20_false-unreach-call.-O0.smt2,unsat
test/c/recursions/recursive-simple/id_o20_false-unreach-call/id_o20_false-unreach-call.-O2.smt2,unsat
test/c/recursions/recursive-simple/id_o10_false-unreach-call/id_o10_false-unreach-call.-O0.smt2,unsat
test/c/recursions/recursive-simple/id_o10_false-unreach-call/id_o10_false-unreach-call.-O2.smt2,unsat
test/c/recursions/recursive-simple/id_i10_o10_false-unreach-call_true-termination/id_i10_o10_false-unreach-call_true-termination.-O0.smt2,unsat
test/c/recursions/recursive-simple/id_i10_o10_false-unreach-call_true-termination/id_i10_o10_false-unreach-call_true-termination.-O2.smt2,unsat
test/c/recursions/recursive-simple/id_i15_o15_false-unreach-call_true-termination/id_i15_o15_false-unreach-call_true-termination.-O2.smt2,unsat
test/c/recursions/recursive-simple/id_i15_o15_false-unreach-call_true-termination/id_i15_o15_false-unreach-call_true-termination.-O0.smt2,unsat
test/c/recursions/recursive-simple/fibo_5_false-unreach-call_true-termination/fibo_5_false-unreach-call_true-termination.-O2.smt2,unsat
test/c/recursions/recursive-simple/fibo_5_false-unreach-call_true-termination/fibo_5_false-unreach-call_true-termination.-O0.smt2,unsat
test/c/recursions/recursive-simple/fibo_10_false-unreach-call/fibo_10_false-unreach-call.-O0.smt2,unknown
test/c/recursions/recursive-simple/fibo_10_false-unreach-call/fibo_10_false-unreach-call.-O2.smt2,unsat
test/c/recursions/recursive-simple/id_o100_false-unreach-call/id_o100_false-unreach-call.-O2.smt2,unsat
test/c/recursions/recursive-simple/id_o100_false-unreach-call/id_o100_false-unreach-call.-O0.smt2,unsat
test/c/recursions/recursive-simple/fibo_5_true-unreach-call_true-termination/fibo_5_true-unreach-call_true-termination.-O2.smt2,sat
test/c/recursions/recursive-simple/fibo_5_true-unreach-call_true-termination/fibo_5_true-unreach-call_true-termination.-O0.smt2,sat
test/c/recursions/recursive-simple/fibo_20_false-unreach-call/fibo_20_false-unreach-call.-O0.smt2,unknown
test/c/recursions/recursive-simple/fibo_20_false-unreach-call/fibo_20_false-unreach-call.-O2.smt2,unknown
test/c/recursions/recursive-simple/sum_2x3_false-unreach-call_true-termination/sum_2x3_false-unreach-call_true-termination.-O2.smt2,unsat
test/c/recursions/recursive-simple/sum_2x3_false-unreach-call_true-termination/sum_2x3_false-unreach-call_true-termination.-O0.smt2,unsat
test/c/recursions/recursive-simple/sum_20x0_false-unreach-call_true-termination/sum_20x0_false-unreach-call_true-termination.-O2.smt2,unsat
test/c/recursions/recursive-simple/sum_20x0_false-unreach-call_true-termination/sum_20x0_false-unreach-call_true-termination.-O0.smt2,unsat
test/c/recursions/recursive-simple/fibo_15_true-unreach-call/fibo_15_true-unreach-call.-O0.smt2,unknown
test/c/recursions/recursive-simple/fibo_15_true-unreach-call/fibo_15_true-unreach-call.-O2.smt2,unknown
test/c/recursions/recursive-simple/sum_15x0_false-unreach-call_true-termination/sum_15x0_false-unreach-call_true-termination.-O2.smt2,unsat
test/c/recursions/recursive-simple/sum_15x0_false-unreach-call_true-termination/sum_15x0_false-unreach-call_true-termination.-O0.smt2,unsat
test/c/recursions/recursive-simple/sum_25x0_false-unreach-call_true-termination/sum_25x0_false-unreach-call_true-termination.-O2.smt2,unsat
test/c/recursions/recursive-simple/sum_25x0_false-unreach-call_true-termination/sum_25x0_false-unreach-call_true-termination.-O0.smt2,unsat
test/c/recursions/recursive-simple/id_i25_o25_false-unreach-call_true-termination/id_i25_o25_false-unreach-call_true-termination.-O2.smt2,unsat
test/c/recursions/recursive-simple/id_i25_o25_false-unreach-call_true-termination/id_i25_o25_false-unreach-call_true-termination.-O0.smt2,unsat
test/c/recursions/recursive-simple/fibo_10_true-unreach-call/fibo_10_true-unreach-call.-O2.smt2,sat
test/c/recursions/recursive-simple/fibo_10_true-unreach-call/fibo_10_true-unreach-call.-O0.smt2,unknown
test/c/recursions/recursive-simple/id_i20_o20_false-unreach-call_true-termination/id_i20_o20_false-unreach-call_true-termination.-O0.smt2,unsat
test/c/recursions/recursive-simple/id_i20_o20_false-unreach-call_true-termination/id_i20_o20_false-unreach-call_true-termination.-O2.smt2,unsat
test/c/recursions/recursive-simple/sum_10x0_false-unreach-call_true-termination/sum_10x0_false-unreach-call_true-termination.-O2.smt2,unsat
test/c/recursions/recursive-simple/sum_10x0_false-unreach-call_true-termination/sum_10x0_false-unreach-call_true-termination.-O0.smt2,unsat
test/c/recursions/recursive-simple/fibo_20_true-unreach-call/fibo_20_true-unreach-call.-O0.smt2,unknown
test/c/recursions/recursive-simple/fibo_20_true-unreach-call/fibo_20_true-unreach-call.-O2.smt2,unknown
test/c/recursions/recursive-simple/id_o200_false-unreach-call/id_o200_false-unreach-call.-O0.smt2,unknown
test/c/recursions/recursive-simple/id_o200_false-unreach-call/id_o200_false-unreach-call.-O2.smt2,unsat
test/c/recursions/recursive-simple/id_i5_o5_false-unreach-call_true-termination/id_i5_o5_false-unreach-call_true-termination.-O0.smt2,unsat
test/c/recursions/recursive-simple/id_i5_o5_false-unreach-call_true-termination/id_i5_o5_false-unreach-call_true-termination.-O2.smt2,unsat
test/c/recursions/recursive-simple/fibo_7_true-unreach-call/fibo_7_true-unreach-call.-O0.smt2,sat
test/c/recursions/recursive-simple/fibo_7_true-unreach-call/fibo_7_true-unreach-call.-O2.smt2,sat
test/c/recursions/recursive-simple/fibo_25_true-unreach-call/fibo_25_true-unreach-call.-O2.smt2,unknown
test/c/recursions/recursive-simple/fibo_25_true-unreach-call/fibo_25_true-unreach-call.-O0.smt2,unknown
test/c/recursions/recursive-simple/sum_non_true-unreach-call_true-termination/sum_non_true-unreach-call_true-termination.-O0.smt2,unknown
test/c/recursions/recursive-simple/sum_non_true-unreach-call_true-termination/sum_non_true-unreach-call_true-termination.-O2.smt2,sat
test/c/recursions/recursive-simple/fibo_7_false-unreach-call/fibo_7_false-unreach-call.-O2.smt2,unsat
test/c/recursions/recursive-simple/fibo_7_false-unreach-call/fibo_7_false-unreach-call.-O0.smt2,unsat
test/c/recursions/recursive-simple/id_b3_o2_false-unreach-call/id_b3_o2_false-unreach-call.-O0.smt2,unsat
test/c/recursions/recursive-simple/id_b3_o2_false-unreach-call/id_b3_o2_false-unreach-call.-O2.smt2,unsat
test/c/recursions/recursive-simple/sum_non_eq_false-unreach-call/sum_non_eq_false-unreach-call.-O0.smt2,unsat
test/c/recursions/recursive-simple/sum_non_eq_false-unreach-call/sum_non_eq_false-unreach-call.-O2.smt2,unsat
test/c/recursions/recursive-simple/sum_non_false-unreach-call_true-termination/sum_non_false-unreach-call_true-termination.-O0.smt2,unsat
test/c/recursions/recursive-simple/sum_non_false-unreach-call_true-termination/sum_non_false-unreach-call_true-termination.-O2.smt2,unsat
test/c/VeriMAP/TRACER-testwp1-unsafe_VeriMAP_false/TRACER-testwp1-unsafe_VeriMAP_false.-O2.smt2,unsat
test/c/VeriMAP/TRACER-testwp1-unsafe_VeriMAP_false/TRACER-testwp1-unsafe_VeriMAP_false.-O0.smt2,unsat
test/c/VeriMAP/TRACER-testabs12_VeriMAP_true/TRACER-testabs12_VeriMAP_true.-O0.smt2,unsat
test/c/VeriMAP/TRACER-testabs12_VeriMAP_true/TRACER-testabs12_VeriMAP_true.-O2.smt2,sat
test/c/VeriMAP/TRACER-testabs15_VeriMAP_true/TRACER-testabs15_VeriMAP_true.-O2.smt2,unknown
test/c/VeriMAP/TRACER-testabs15_VeriMAP_true/TRACER-testabs15_VeriMAP_true.-O0.smt2,unknown
test/c/VeriMAP/TRACER-test1-unsafe_VeriMAP_false/TRACER-test1-unsafe_VeriMAP_false.-O2.smt2,unsat
test/c/VeriMAP/TRACER-test1-unsafe_VeriMAP_false/TRACER-test1-unsafe_VeriMAP_false.-O0.smt2,unsat
test/c/VeriMAP/MAP-selection_sort-pepm-proc.c_VeriMAP_true/MAP-selection_sort-pepm-proc.c_VeriMAP_true.-O0.smt2,sat
test/c/VeriMAP/MAP-selection_sort-pepm-proc.c_VeriMAP_true/MAP-selection_sort-pepm-proc.c_VeriMAP_true.-O2.smt2,sat
test/c/VeriMAP/TRACER-testloop3-unsafe_VeriMAP_false/TRACER-testloop3-unsafe_VeriMAP_false.-O0.smt2,unsat
test/c/VeriMAP/TRACER-testloop3-unsafe_VeriMAP_false/TRACER-testloop3-unsafe_VeriMAP_false.-O2.smt2,unsat
test/c/VeriMAP/MAP-singleloop2-pepm-proc.c_VeriMAP_true/MAP-singleloop2-pepm-proc.c_VeriMAP_true.-O2.smt2,unknown
test/c/VeriMAP/MAP-singleloop2-pepm-proc.c_VeriMAP_true/MAP-singleloop2-pepm-proc.c_VeriMAP_true.-O0.smt2,unknown
test/c/VeriMAP/MAP-forward_VeriMAP_true/MAP-forward_VeriMAP_true.-O0.smt2,unknown
test/c/VeriMAP/MAP-forward_VeriMAP_true/MAP-forward_VeriMAP_true.-O2.smt2,unsat
test/c/VeriMAP/TRACER-testloop28-unsafe_VeriMAP_false/TRACER-testloop28-unsafe_VeriMAP_false.-O2.smt2,unsat
test/c/VeriMAP/TRACER-testloop28-unsafe_VeriMAP_false/TRACER-testloop28-unsafe_VeriMAP_false.-O0.smt2,unsat
test/c/VeriMAP/TRACER-testfunc1-unsafe_VeriMAP_false/TRACER-testfunc1-unsafe_VeriMAP_false.-O2.smt2,unsat
test/c/VeriMAP/TRACER-testfunc1-unsafe_VeriMAP_false/TRACER-testfunc1-unsafe_VeriMAP_false.-O0.smt2,unsat
test/c/VeriMAP/TRACER-testloop27-unsafe_VeriMAP_false/TRACER-testloop27-unsafe_VeriMAP_false.-O2.smt2,unsat
test/c/VeriMAP/TRACER-testloop27-unsafe_VeriMAP_false/TRACER-testloop27-unsafe_VeriMAP_false.-O0.smt2,unsat
test/c/VeriMAP/TRACER-testfunc12-unsafe_VeriMAP_false/TRACER-testfunc12-unsafe_VeriMAP_false.-O2.smt2,unsat
test/c/VeriMAP/TRACER-testfunc12-unsafe_VeriMAP_false/TRACER-testfunc12-unsafe_VeriMAP_false.-O0.smt2,unsat
test/c/VeriMAP/MAP-interpolants_needed-pepm-proc.c_VeriMAP_true/MAP-interpolants_needed-pepm-proc.c_VeriMAP_true.-O2.smt2,unknown
test/c/VeriMAP/MAP-interpolants_needed-pepm-proc.c_VeriMAP_true/MAP-interpolants_needed-pepm-proc.c_VeriMAP_true.-O0.smt2,unknown
test/c/VeriMAP/TRACER-paper-prog_d-pepm-proc.c_VeriMAP_true/TRACER-paper-prog_d-pepm-proc.c_VeriMAP_true.-O2.smt2,sat
test/c/VeriMAP/TRACER-paper-prog_d-pepm-proc.c_VeriMAP_true/TRACER-paper-prog_d-pepm-proc.c_VeriMAP_true.-O0.smt2,unknown
test/c/VeriMAP/TRACER-testloop6_VeriMAP_true/TRACER-testloop6_VeriMAP_true.-O0.smt2,sat
test/c/VeriMAP/TRACER-testloop6_VeriMAP_true/TRACER-testloop6_VeriMAP_true.-O2.smt2,sat
test/c/VeriMAP/TRACER-testwp13-unsafe_VeriMAP_false/TRACER-testwp13-unsafe_VeriMAP_false.-O2.smt2,unsat
test/c/VeriMAP/TRACER-testwp13-unsafe_VeriMAP_false/TRACER-testwp13-unsafe_VeriMAP_false.-O0.smt2,unsat
test/c/VeriMAP/TRACER-test3-unsafe_VeriMAP_false/TRACER-test3-unsafe_VeriMAP_false.-O0.smt2,unsat
test/c/VeriMAP/TRACER-test3-unsafe_VeriMAP_false/TRACER-test3-unsafe_VeriMAP_false.-O2.smt2,unsat
test/c/VeriMAP/TRACER-testfunc13-unsafe_VeriMAP_false/TRACER-testfunc13-unsafe_VeriMAP_false.-O2.smt2,unsat
test/c/VeriMAP/TRACER-testfunc13-unsafe_VeriMAP_false/TRACER-testfunc13-unsafe_VeriMAP_false.-O0.smt2,unsat
test/c/VeriMAP/TRACER-testloop8-unsafe_VeriMAP_false/TRACER-testloop8-unsafe_VeriMAP_false.-O2.smt2,unsat
test/c/VeriMAP/TRACER-testloop8-unsafe_VeriMAP_false/TRACER-testloop8-unsafe_VeriMAP_false.-O0.smt2,unsat
test/c/loops/loop-lit/bhmr2007_true-unreach-call_true-termination/bhmr2007_true-unreach-call_true-termination.-O2.smt2,unsat
test/c/loops/loop-lit/bhmr2007_true-unreach-call_true-termination/bhmr2007_true-unreach-call_true-termination.-O0.smt2,unknown
test/c/loops/loop-lit/gr2006_true-unreach-call_true-termination/gr2006_true-unreach-call_true-termination.-O2.smt2,sat
test/c/loops/loop-lit/gr2006_true-unreach-call_true-termination/gr2006_true-unreach-call_true-termination.-O0.smt2,sat
test/c/loops/loop-lit/gcnr2008_false-unreach-call_false-termination/gcnr2008_false-unreach-call_false-termination.-O0.smt2,unsat
test/c/loops/loop-lit/gcnr2008_false-unreach-call_false-termination/gcnr2008_false-unreach-call_false-termination.-O2.smt2,unsat
test/c/loops/loop-lit/gj2007b_true-unreach-call_true-termination/gj2007b_true-unreach-call_true-termination.-O0.smt2,sat
test/c/loops/loop-lit/gj2007b_true-unreach-call_true-termination/gj2007b_true-unreach-call_true-termination.-O2.smt2,unknown
test/c/loops/loop-lit/css2003_true-unreach-call_true-termination/css2003_true-unreach-call_true-termination.-O2.smt2,sat
test/c/loops/loop-lit/css2003_true-unreach-call_true-termination/css2003_true-unreach-call_true-termination.-O0.smt2,sat
test/c/loops/loop-lit/ddlm2013_true-unreach-call/ddlm2013_true-unreach-call.-O0.smt2,unknown
test/c/loops/loop-lit/ddlm2013_true-unreach-call/ddlm2013_true-unreach-call.-O2.smt2,unknown
test/c/loops/loop-lit/afnp2014_true-unreach-call_true-termination/afnp2014_true-unreach-call_true-termination.-O2.smt2,sat
test/c/loops/loop-lit/afnp2014_true-unreach-call_true-termination/afnp2014_true-unreach-call_true-termination.-O0.smt2,sat
test/c/loops/loop-invgen/MADWiFi-encode_ie_ok_true-unreach-call_true-termination/MADWiFi-encode_ie_ok_true-unreach-call_true-termination.-O0.smt2,unsat
test/c/loops/loop-invgen/MADWiFi-encode_ie_ok_true-unreach-call_true-termination/MADWiFi-encode_ie_ok_true-unreach-call_true-termination.-O2.smt2,unsat
test/c/loops/loop-invgen/sendmail-close-angle_true-unreach-call_true-termination/sendmail-close-angle_true-unreach-call_true-termination.-O0.smt2,unknown
test/c/loops/loop-invgen/sendmail-close-angle_true-unreach-call_true-termination/sendmail-close-angle_true-unreach-call_true-termination.-O2.smt2,unsat
test/c/loops/loop-invgen/nested9_true-unreach-call_true-termination/nested9_true-unreach-call_true-termination.-O0.smt2,unsat
test/c/loops/loop-invgen/nested9_true-unreach-call_true-termination/nested9_true-unreach-call_true-termination.-O2.smt2,unsat
test/c/loops/loop-invgen/id_build_true-unreach-call_true-termination/id_build_true-unreach-call_true-termination.-O0.smt2,unknown
test/c/loops/loop-invgen/id_build_true-unreach-call_true-termination/id_build_true-unreach-call_true-termination.-O2.smt2,sat
test/c/loops/loop-invgen/fragtest_simple_true-unreach-call_true-termination/fragtest_simple_true-unreach-call_true-termination.-O2.smt2,unsat
test/c/loops/loop-invgen/fragtest_simple_true-unreach-call_true-termination/fragtest_simple_true-unreach-call_true-termination.-O0.smt2,unknown
test/c/loops/loop-invgen/nested6_true-unreach-call_true-termination/nested6_true-unreach-call_true-termination.-O0.smt2,sat
test/c/loops/loop-invgen/nested6_true-unreach-call_true-termination/nested6_true-unreach-call_true-termination.-O2.smt2,unknown
test/c/loops/loop-invgen/up_true-unreach-call_true-termination/up_true-unreach-call_true-termination.-O0.smt2,sat
test/c/loops/loop-invgen/up_true-unreach-call_true-termination/up_true-unreach-call_true-termination.-O2.smt2,sat
test/c/loops/loop-invgen/half_2_true-unreach-call_true-termination/half_2_true-unreach-call_true-termination.-O0.smt2,unknown
test/c/loops/loop-invgen/half_2_true-unreach-call_true-termination/half_2_true-unreach-call_true-termination.-O2.smt2,unsat
test/c/loops/loop-invgen/apache-escape-absolute_true-unreach-call_true-termination/apache-escape-absolute_true-unreach-call_true-termination.-O2.smt2,sat
test/c/loops/loop-invgen/apache-escape-absolute_true-unreach-call_true-termination/apache-escape-absolute_true-unreach-call_true-termination.-O0.smt2,sat
test/c/loops/loop-invgen/SpamAssassin-loop_true-unreach-call_false-termination/SpamAssassin-loop_true-unreach-call_false-termination.-O2.smt2,sat
test/c/loops/loop-invgen/SpamAssassin-loop_true-unreach-call_false-termination/SpamAssassin-loop_true-unreach-call_false-termination.-O0.smt2,unknown
test/c/loops/loop-invgen/apache-get-tag_true-unreach-call_true-termination/apache-get-tag_true-unreach-call_true-termination.-O2.smt2,sat
test/c/loops/loop-invgen/apache-get-tag_true-unreach-call_true-termination/apache-get-tag_true-unreach-call_true-termination.-O0.smt2,sat
test/c/loops/loop-invgen/nest-if3_true-unreach-call_true-termination/nest-if3_true-unreach-call_true-termination.-O0.smt2,unsat
test/c/loops/loop-invgen/nest-if3_true-unreach-call_true-termination/nest-if3_true-unreach-call_true-termination.-O2.smt2,unsat
test/c/loops/loop-invgen/heapsort_true-unreach-call_true-termination/heapsort_true-unreach-call_true-termination.-O2.smt2,unsat
test/c/loops/loop-invgen/heapsort_true-unreach-call_true-termination/heapsort_true-unreach-call_true-termination.-O0.smt2,unsat
test/c/loops/loop-invgen/large_const_true-unreach-call_true-termination/large_const_true-unreach-call_true-termination.-O2.smt2,sat
test/c/loops/loop-invgen/large_const_true-unreach-call_true-termination/large_const_true-unreach-call_true-termination.-O0.smt2,sat
test/c/loops/loop-invgen/id_trans_false-unreach-call_true-termination/id_trans_false-unreach-call_true-termination.-O2.smt2,unsat
test/c/loops/loop-invgen/id_trans_false-unreach-call_true-termination/id_trans_false-unreach-call_true-termination.-O0.smt2,unsat
test/c/loops/loop-invgen/seq_true-unreach-call_true-termination/seq_true-unreach-call_true-termination.-O0.smt2,unknown
test/c/loops/loop-invgen/seq_true-unreach-call_true-termination/seq_true-unreach-call_true-termination.-O2.smt2,unsat
test/c/loops/loop-invgen/string_concat-noarr_true-unreach-call_true-termination/string_concat-noarr_true-unreach-call_true-termination.-O2.smt2,unknown
test/c/loops/loop-invgen/string_concat-noarr_true-unreach-call_true-termination/string_concat-noarr_true-unreach-call_true-termination.-O0.smt2,unknown
test/c/loops/loops/terminator_03_false-unreach-call_true-termination.i.annot/terminator_03_false-unreach-call_true-termination.i.annot.-O2.smt2,unsat
test/c/loops/loops/terminator_03_false-unreach-call_true-termination.i.annot/terminator_03_false-unreach-call_true-termination.i.annot.-O0.smt2,unsat
test/c/loops/loops/trex03_false-unreach-call_true-termination.i.annot/trex03_false-unreach-call_true-termination.i.annot.-O2.smt2,unsat
test/c/loops/loops/trex03_false-unreach-call_true-termination.i.annot/trex03_false-unreach-call_true-termination.i.annot.-O0.smt2,unsat
test/c/loops/loops/for_bounded_loop1_false-unreach-call_true-termination.i.annot/for_bounded_loop1_false-unreach-call_true-termination.i.annot.-O0.smt2,unsat
test/c/loops/loops/for_bounded_loop1_false-unreach-call_true-termination.i.annot/for_bounded_loop1_false-unreach-call_true-termination.i.annot.-O2.smt2,unsat
test/c/loops/loops/sum01_bug02_sum01_bug02_base.case_false-unreach-call_true-termination.i.annot/sum01_bug02_sum01_bug02_base.case_false-unreach-call_true-termination.i.annot.-O0.smt2,unsat
test/c/loops/loops/sum01_bug02_sum01_bug02_base.case_false-unreach-call_true-termination.i.annot/sum01_bug02_sum01_bug02_base.case_false-unreach-call_true-termination.i.annot.-O2.smt2,unsat
test/c/loops/loops/sum04_false-unreach-call_true-termination.i.annot/sum04_false-unreach-call_true-termination.i.annot.-O2.smt2,unsat
test/c/loops/loops/sum04_false-unreach-call_true-termination.i.annot/sum04_false-unreach-call_true-termination.i.annot.-O0.smt2,unsat
test/c/loops/loops/sum01_false-unreach-call_true-termination.i.annot/sum01_false-unreach-call_true-termination.i.annot.-O0.smt2,unsat
test/c/loops/loops/sum01_false-unreach-call_true-termination.i.annot/sum01_false-unreach-call_true-termination.i.annot.-O2.smt2,unsat
test/c/loops/loops/while_infinite_loop_4_false-unreach-call_true-termination.i.annot/while_infinite_loop_4_false-unreach-call_true-termination.i.annot.-O0.smt2,unsat
test/c/loops/loops/while_infinite_loop_4_false-unreach-call_true-termination.i.annot/while_infinite_loop_4_false-unreach-call_true-termination.i.annot.-O2.smt2,unsat
test/c/loops/loops/sum01_bug02_false-unreach-call_true-termination.i.annot/sum01_bug02_false-unreach-call_true-termination.i.annot.-O2.smt2,unsat
test/c/loops/loops/sum01_bug02_false-unreach-call_true-termination.i.annot/sum01_bug02_false-unreach-call_true-termination.i.annot.-O0.smt2,unsat
test/c/loops/loops/trex02_false-unreach-call_true-termination.i.annot/trex02_false-unreach-call_true-termination.i.annot.-O0.smt2,unsat
test/c/loops/loops/trex02_false-unreach-call_true-termination.i.annot/trex02_false-unreach-call_true-termination.i.annot.-O2.smt2,unsat
test/c/loops/loops/sum03_false-unreach-call_true-termination.i.annot/sum03_false-unreach-call_true-termination.i.annot.-O0.smt2,unsat
test/c/loops/loops/sum03_false-unreach-call_true-termination.i.annot/sum03_false-unreach-call_true-termination.i.annot.-O2.smt2,unsat
test/c/loops/loops/terminator_02_false-unreach-call_true-termination.i.annot/terminator_02_false-unreach-call_true-termination.i.annot.-O0.smt2,unsat
test/c/loops/loops/terminator_02_false-unreach-call_true-termination.i.annot/terminator_02_false-unreach-call_true-termination.i.annot.-O2.smt2,unsat
test/c/loops/loops/count_up_down_false-unreach-call_true-termination.i.annot/count_up_down_false-unreach-call_true-termination.i.annot.-O2.smt2,unsat
test/c/loops/loops/count_up_down_false-unreach-call_true-termination.i.annot/count_up_down_false-unreach-call_true-termination.i.annot.-O0.smt2,unsat
test/c/loops/loops/trex01_false-unreach-call_true-termination.i.annot/trex01_false-unreach-call_true-termination.i.annot.-O2.smt2,unsat
test/c/loops/loops/trex01_false-unreach-call_true-termination.i.annot/trex01_false-unreach-call_true-termination.i.annot.-O0.smt2,unsat
test/c/loops/loop-new/half_true-unreach-call_true-termination/half_true-unreach-call_true-termination.-O0.smt2,unknown
test/c/loops/loop-new/half_true-unreach-call_true-termination/half_true-unreach-call_true-termination.-O2.smt2,unknown
test/c/loops/loop-new/count_by_nondet_true-unreach-call_true-termination/count_by_nondet_true-unreach-call_true-termination.-O0.smt2,unknown
test/c/loops/loop-new/count_by_nondet_true-unreach-call_true-termination/count_by_nondet_true-unreach-call_true-termination.-O2.smt2,unknown
test/c/loops/loop-new/count_by_k_true-unreach-call_true-termination/count_by_k_true-unreach-call_true-termination.-O0.smt2,unknown
test/c/loops/loop-new/count_by_k_true-unreach-call_true-termination/count_by_k_true-unreach-call_true-termination.-O2.smt2,unknown
